順位,出力キーワード,検索ボリューム(人),重複ボリューム(人),特徴度,検索時間差(日),男性割合(%),女性割合(%),10代（13歳〜）割合(%),20代割合(%),30代割合(%),40代割合(%),50代割合(%),60代割合(%),70代以上割合(%)
1,ホワイトニング,161000,740,2.552,-0.034,32,68,5,19,18,21,20,11,6
2,ラミネートベニア 費用,4900,700,5.969,0.001,24,76,2,15,20,24,24,11,4
3,セラミック 歯 値段,70700,580,3.122,-0.004,28,72,2,14,20,23,22,12,7
4,ダイレクトボンディング,13500,530,4.679,0.001,25,75,3,16,22,27,20,8,4
5,インビザライン,82100,440,2.681,-5.716,25,75,3,14,21,30,20,8,4
6,ラミネート,62100,410,2.919,0,38,62,3,9,15,25,22,13,13
7,ラミネートベニア 後悔,2200,360,6.134,0.001,22,78,1,9,21,27,25,13,4
8,審美歯科,17600,310,3.91,-0.004,27,73,3,10,15,24,25,15,8
9,セラミック 歯,26600,300,3.425,-0.006,29,71,2,14,19,24,23,12,6
10,ホームホワイトニング,33700,260,3.073,2.41,23,77,3,23,29,23,14,5,3
11,ラミネートベニア 後悔口臭,1100,250,6.405,0.001,23,77,2,11,25,29,25,6,2
12,オパールエッセンス,31100,240,3.06,11.443,25,75,1,17,26,25,19,7,5
13,ルミネアーズ,1800,240,5.881,0.004,20,80,2,21,28,25,17,5,2
14,歯を白くする方法,47700,230,2.623,-0.002,40,60,8,10,11,20,23,15,13
15,ホワイトエッセンス,39200,220,2.725,-18.44,27,73,1,19,22,22,21,10,5
16,歯のマニキュア,10700,210,4.004,0.002,25,75,2,7,12,19,30,21,9
17,前歯 セラミック,9500,210,4.114,-0.027,22,78,1,9,19,28,25,12,6
18,ジュベルック,44600,200,2.53,-14.055,12,88,1,19,28,27,17,6,2
19,水光注射,44500,200,2.501,11.956,12,88,1,15,23,28,21,8,4
20,インモード,43600,200,2.581,-0.722,10,90,4,31,22,19,17,5,2
21,ルラ美容クリニック,38600,190,2.662,17.145,8,92,5,32,22,19,15,5,2
22,ラミネートベニア デメリット,1100,190,6.131,0.001,16,84,1,17,21,25,22,11,3
23,コンポジットレジン,12400,180,3.704,0.006,36,64,3,16,18,24,21,11,7
24,セラミック矯正,10200,170,3.83,-0.005,23,77,4,18,24,26,18,7,3
25,オフィスホワイトニング,15400,160,3.352,-0.018,23,77,3,27,27,23,13,5,2
26,ホワイトニング 歯医者,31500,140,2.55,-0.543,23,77,4,22,19,22,20,9,4
27,ルメッカ 効果,30600,140,2.575,20.019,10,90,1,17,26,28,19,6,3
28,ショッピングリフト,29500,140,2.557,-10.943,7,93,0,6,18,33,30,9,4
29,糸リフト ダウンタイム,28600,140,2.58,-6.503,9,91,1,11,21,30,26,8,3
30,前歯が欠けたらどう治療法,20400,140,2.903,-0.128,37,63,1,4,11,25,29,17,13
31,歯 セラミック,14600,140,3.274,-0.011,35,65,1,10,23,28,22,10,6
32,ゼロネイト 歯,5500,140,4.282,6.004,14,86,1,26,33,22,12,4,2
33,ノンクラスプデンチャー,20600,130,2.878,1.915,30,70,0,3,8,17,30,25,17
34,デンタルローン,19000,130,2.947,-0.726,31,69,1,14,24,31,21,6,3
35,エナメル質形成不全,14600,130,3.215,-0.002,13,87,4,16,34,30,9,4,3
36,前歯 保険適用 白い歯,10000,130,3.604,-0.004,26,74,0,2,8,21,35,23,11
37,テトラサイクリン歯,6500,130,4.008,-0.004,20,80,1,13,17,21,31,11,6
38,ウォーキングブリーチ,4100,130,4.481,-0.001,24,76,2,23,25,27,17,5,1
39,ティーシーズ,2600,130,4.951,0.003,16,84,0,8,28,30,22,9,3
40,涙袋 ヒアルロン酸,23500,120,2.702,-20.537,13,87,10,38,21,15,10,3,3
41,眉下切開,22700,120,2.707,-2.62,13,87,4,16,16,24,24,11,5
42,チタニウムリフト,21800,120,2.771,22.134,7,93,1,18,23,26,21,8,3
43,オンダリフト,18700,120,2.93,94.135,8,92,2,22,23,24,20,7,2
44,ジルコニア 歯 値段,18200,120,2.929,3.969,37,63,1,6,15,24,25,17,12
45,セラミック 歯 後悔,7600,120,3.749,-0.001,21,79,2,15,23,23,21,10,6
46,ダイレクトボンディング 後悔,3100,120,4.684,0.099,29,71,3,13,19,25,25,11,4
47,キャバドレス,25400,110,2.53,-31.964,15,85,4,45,22,14,9,3,3
48,オーマイティース,22600,110,2.573,13.391,23,77,5,22,22,26,18,5,2
49,プロファイロ,20700,110,2.633,-4.804,7,93,0,5,15,33,32,11,4
50,口角ボトックス,14500,110,3.111,43.082,6,94,3,28,22,24,16,5,2
51,歯の隙間を埋める方法,8100,110,3.624,-0.051,28,72,1,6,15,25,29,15,9
52,審美歯科 前歯,3500,110,4.438,-0.012,11,89,1,3,9,24,34,21,8
53,歯根嚢胞,20800,100,2.624,1.467,31,69,1,8,13,22,27,18,11
54,ジョールファット,19800,100,2.601,-1.728,11,89,2,24,27,23,16,5,3
55,歯並び,19800,100,2.597,1.807,28,72,7,17,24,26,14,7,5
56,人中短縮,15400,100,2.866,-3.286,18,82,5,20,25,25,16,6,3
57,オールオン4,12700,100,3.063,1.861,43,57,0,4,9,20,31,24,12
58,ジルコニア セラミック 違い,12100,100,3.135,8.185,34,66,0,7,15,23,25,18,12
59,すきっ歯 矯正,11800,100,3.133,-0.007,33,67,8,19,19,28,19,4,3
60,ホームホワイトニング 効果,10100,100,3.312,-0.007,22,78,2,23,28,24,15,5,3
61,スネコス注射,20700,90,2.53,7.918,9,91,1,6,17,31,30,11,4
62,リップアートメイク,19500,90,2.577,7.083,9,91,1,16,26,29,19,6,3
63,スキンボトックス,18900,90,2.638,-25.683,9,91,1,22,27,27,17,4,2
64,肩ボトックス 効果,17900,90,2.65,3.96,6,94,2,32,24,21,16,4,1
65,あい歯科クリニック,17800,90,2.663,3.624,33,67,2,10,17,26,24,13,8
66,ローマピンク,16800,90,2.629,104.66,11,89,2,16,32,32,13,3,2
67,セルフホワイトニング,16100,90,2.742,-16.144,26,74,4,21,27,23,16,6,3
68,インモード 効果,16000,90,2.737,87.654,8,92,3,31,21,21,18,5,1
69,歯科衛生士 国家試験 2025,15700,90,2.752,85.648,27,73,2,25,10,19,28,10,6
70,すきっ歯,11900,90,3.048,-0.003,38,62,12,18,22,22,15,7,4
71,すきっ歯 埋める,4600,90,3.967,-0.009,30,70,4,13,18,28,24,10,3
72,ハイブリッドセラミック,4100,90,4.03,1.354,34,66,1,11,24,27,21,10,6
73,メタルボンド,3700,90,4.154,0.05,32,68,2,12,17,22,24,15,8
74,ベンスクリニック 新宿,19500,80,2.542,-6.936,8,92,4,43,22,16,11,3,1
75,ジュベルック 効果,19000,80,2.506,-13.036,11,89,1,15,25,28,21,7,3
76,ポテンツァ ダウンタイム,17800,80,2.529,-11.088,15,85,2,30,29,22,12,3,2
77,ウルセラ,16800,80,2.632,6.872,10,90,1,19,24,24,20,8,4
78,キレイパス,16500,80,2.639,-15.64,8,92,1,27,33,21,11,4,3
79,歯科医師国保,15400,80,2.699,17.22,25,75,0,13,19,26,24,12,6
80,ナイトガード,15100,80,2.655,4.391,30,70,2,11,21,26,21,12,7
81,デイジーストア,13600,80,2.884,-38.321,10,90,4,40,32,14,6,2,2
82,脂肪吸引注射,11800,80,3.007,0.04,9,91,2,30,28,23,12,3,2
83,キレイライン矯正,11400,80,2.972,-3.596,15,85,5,28,23,27,13,3,1
84,マンジャロ オンライン診療,11000,80,3.056,-33.913,11,89,3,30,24,24,13,4,2
85,前歯 差し歯,10900,80,2.934,-0.355,36,64,1,5,14,23,30,18,9
86,エナメル上皮腫,9500,80,3.093,-14.518,23,77,1,18,27,23,17,9,5
87,部分矯正,9400,80,3.135,-14.346,17,83,9,31,24,20,11,3,2
88,ブラックトライアングル,7900,80,3.314,-13.289,18,82,2,24,30,23,14,4,3
89,歯 マニキュア,3900,80,4.075,0.002,32,68,2,8,19,29,26,11,5
90,セラミックインレー,3000,80,4.249,0,30,70,1,15,23,26,21,10,4
91,矮小歯,2800,80,4.336,0.001,15,85,8,25,25,24,12,4,2
92,ダイレクトボンディング 料金,1800,80,4.836,-0.002,33,67,5,14,16,25,24,13,3
93,セラミッククラウン,1700,80,4.827,0.002,33,67,1,12,22,28,21,11,5
94,水光注射 効果,14700,70,2.639,10.939,7,93,1,12,19,31,25,9,3
95,根尖性歯周炎,14400,70,2.595,6.192,29,71,2,13,20,25,21,11,8
96,日本歯科医師会,14300,70,2.667,0.647,59,41,1,6,9,19,25,22,18
97,インモードfx,14300,70,2.58,2.88,6,94,3,33,24,19,15,4,2
98,テトラサイクリン系抗生物質,13800,70,2.604,-0.002,14,86,1,19,16,23,20,12,9
99,二の腕 脂肪吸引,13500,70,2.662,0.985,5,95,2,31,31,21,10,3,2
100,顔 脂肪吸引,13100,70,2.691,-5.7,18,82,4,32,28,20,11,3,2
101,トリビュー,12700,70,2.777,53.627,13,87,3,24,25,20,16,7,5
102,インビザライン矯正,12500,70,2.704,-3.118,20,80,5,14,16,27,22,11,5
103,顎下 脂肪吸引,12400,70,2.731,-0.029,11,89,4,38,28,18,8,2,2
104,貴族フィラー,9800,70,3.008,16.586,7,93,4,32,27,21,11,3,2
105,歯 白くする,9500,70,3.071,-0.001,44,56,11,16,18,19,20,10,6
106,ポリリン酸ホワイトニング,8600,70,3.1,21.942,17,83,1,10,18,24,24,14,9
107,テトラサイクリン,8400,70,3.14,27.035,56,44,2,18,14,19,21,14,12
108,ホワイトニング後 食べ物,8300,70,3.165,15.155,17,83,3,39,29,13,9,5,2
109,グッピー 歯科衛生士,7900,70,3.106,-92.634,27,73,0,15,21,30,23,8,3
110,エアフロー 歯科,7300,70,3.29,0.754,23,77,1,15,19,28,22,10,5
111,インレーとは,7100,70,3.291,0.727,29,71,2,13,17,24,21,14,9
112,歯科衛生士 求人,6700,70,3.287,27.534,13,87,1,28,30,25,12,3,1
113,mtaセメント,5500,70,3.505,2.724,36,64,1,18,18,26,20,11,6
114,フラップ手術,5400,70,3.556,-1.728,25,75,1,15,12,20,28,16,8
115,ファイバーコア,3300,70,4.106,0.003,24,76,1,12,16,22,24,14,11
116,審美歯科 費用,3000,70,4.187,-0.014,26,74,1,3,9,22,31,24,10
117,グラスアイオノマーセメント,2400,70,4.426,0.001,22,78,3,41,16,21,11,6,2
118,オールセラミック,2400,70,4.336,0.003,32,68,2,13,24,27,19,11,4
119,ホワイトニング ジェル,13600,60,2.511,24.925,29,71,1,10,17,25,23,15,9
120,ピオーネビューティークリニック,13100,60,2.627,-28.103,14,86,1,17,22,25,25,8,2
121,前歯 ブリッジ,12200,60,2.635,2.116,35,65,0,3,9,24,33,20,11
122,唇 ヒアルロン酸,11900,60,2.63,36.173,8,92,2,19,25,30,16,5,3
123,歯科医師国家試験 2025 日程,11500,60,2.604,-1.444,47,53,1,12,8,13,26,26,14
124,エルムクリニック,11400,60,2.598,24.973,12,88,3,19,22,23,20,9,4
125,スターホワイトニング,11200,60,2.714,-14.725,21,79,2,23,26,21,19,7,2
126,歯科医師国家試験 合格率,11200,60,2.644,75.075,61,39,1,8,8,15,24,27,17
127,歯科助手 求人,11000,60,2.704,-8.908,8,92,3,23,19,27,20,6,2
128,歯根破折,10400,60,2.726,-2.48,33,67,1,7,15,25,26,16,10
129,スマイルデンチャー,10200,60,2.845,2.071,27,73,0,2,7,19,29,24,19
130,マイオブレース,9900,60,2.769,-0.908,16,84,0,5,34,46,9,3,3
131,miペースト,9500,60,2.827,0.011,15,85,3,15,30,31,13,5,3
132,フィラークリニック,9400,60,2.964,30.674,8,92,4,39,22,15,12,5,3
133,トライフィルプロ,9300,60,2.815,4.323,23,77,2,19,31,26,15,5,2
134,歯根端切除,8900,60,2.917,-7.92,29,71,0,8,13,25,26,18,10
135,ペリカン手術,8100,60,3.059,44.048,14,86,1,15,19,24,24,12,5
136,ホームホワイトニング ジェル,7800,60,3.098,11.668,22,78,1,14,29,26,18,8,4
137,唇ヒアルロン酸,7500,60,3.059,-2.994,6,94,5,28,19,22,17,7,2
138,前歯,7300,60,3.144,19.881,36,64,5,13,19,24,19,10,10
139,鼻中隔延長,7200,60,3.117,6.106,15,85,9,33,26,15,10,4,3
140,feed 歯科,7000,60,3.101,4.272,64,36,1,4,8,20,27,26,14
141,ホワイトスポット,6900,60,3.186,0.002,25,75,9,23,25,23,12,5,3
142,srp 歯科,6700,60,3.235,-28.114,25,75,1,21,15,22,20,12,9
143,裏側矯正,6600,60,3.313,1.622,18,82,9,39,23,15,9,3,2
144,口腔機能低下症,6300,60,3.347,-28.237,37,63,1,13,13,24,24,16,9
145,ホームホワイトニング やり方,6200,60,3.276,0.006,16,84,2,21,26,19,19,9,4
146,審美歯科とは,6100,60,3.394,-0.327,25,75,3,12,14,20,26,18,7
147,ジュエルズ ドレス,5800,60,3.364,-38.836,4,96,3,57,30,5,3,1,1
148,くさび状欠損,5200,60,3.499,8.763,21,79,2,21,21,25,19,8,4
149,cadcam冠,5100,60,3.382,18.856,37,63,1,12,19,25,24,12,7
150,オパールエッセンスgo,5000,60,3.455,3.127,28,72,2,17,26,26,17,8,4
151,サイナスリフト,4800,60,3.531,0.853,33,67,1,9,15,20,25,19,11
152,歯の色 見本,4700,60,3.509,8.839,19,81,4,19,22,22,20,10,3
153,peek冠,4600,60,3.645,2.053,45,55,1,8,19,26,24,14,8
154,セレック 歯科,3900,60,3.652,-1.37,30,70,0,8,15,25,28,14,10
155,オールセラミック 値段,3800,60,3.716,-1.353,34,66,1,12,22,28,21,9,7
156,湘南美容歯科,3300,60,3.894,0.155,24,76,2,30,26,20,14,6,2
157,ハイブリッドセラミック 保険適用,3200,60,3.937,1.468,28,72,0,7,16,26,31,13,7
158,ジルコニアクラウン,3100,60,3.99,0.957,35,65,1,10,15,22,26,15,11
159,歯を綺麗に治したい,1800,60,4.396,0.008,29,71,1,5,23,36,23,8,4
160,プロビジョナルレストレーション,1500,60,4.795,18.261,25,75,3,45,14,14,10,8,6
161,オールセラミッククラウン,1100,60,4.985,0.005,33,67,2,20,17,24,20,13,4
162,ホワイトコート 歯,1100,60,4.946,0.005,18,82,0,12,22,21,26,13,6
163,サリチル酸 ピーリング,12200,50,2.489,-78.176,9,91,2,28,27,24,13,3,3
164,前歯 虫歯,11900,50,2.54,-1.022,29,71,7,24,30,23,10,3,3
165,ブルーラジカル,11000,50,2.581,-11.635,39,61,0,4,9,21,31,22,13
166,グロースファクター,10800,50,2.603,-0.073,13,87,1,8,19,31,27,10,4
167,切開リフト,10600,50,2.629,28.153,12,88,1,10,24,30,23,8,4
168,脂肪溶解注射 効果いつから,10300,50,2.549,14.06,10,90,2,17,20,25,24,9,3
169,歯が黄色い,10200,50,2.68,-2.008,33,67,11,22,21,21,15,5,5
170,ワイヤー矯正,10100,50,2.546,-1.42,20,80,12,29,23,23,10,2,1
171,おでこ ヒアルロン酸,10000,50,2.653,-24.911,9,91,2,17,23,28,20,7,3
172,xクリニック,9600,50,2.662,9.168,21,79,4,17,17,26,23,10,3
173,ホワイトエッセンス 口コミ,9500,50,2.604,-4.967,19,81,2,19,20,23,22,10,4
174,リジュランアイ,9300,50,2.595,-9.679,7,93,1,5,18,36,30,7,3
175,エラボト 効果 いつから,9100,50,2.799,11.762,10,90,5,49,23,13,7,2,1
176,aクリニック,9100,50,2.788,-3.059,13,87,1,27,28,21,14,6,3
177,ブリッジ 保険適用 白,9100,50,2.747,1.331,24,76,0,5,13,28,31,14,9
178,鼻尖形成,8800,50,2.868,9.758,14,86,10,39,25,13,8,3,2
179,ラシャスリップス,8800,50,2.69,4.129,7,93,2,14,22,27,21,10,4
180,癒合歯,8600,50,2.698,14.395,16,84,1,13,35,25,13,8,5
181,脂肪豊胸,8500,50,2.909,4.557,11,89,7,39,29,15,7,2,1
182,歯医者 ホワイトニング,8400,50,2.904,0.007,22,78,4,27,24,19,16,7,3
183,リズネ 効果,8300,50,2.732,3.711,8,92,0,12,23,31,24,7,3
184,オトガイ形成,8200,50,2.889,18.938,16,84,5,35,28,16,10,3,3
185,根尖病巣,8200,50,2.748,15.51,29,71,2,16,19,26,21,11,5
186,スマイルモア 口コミ,7700,50,2.795,13.313,13,87,3,13,19,34,25,5,1
187,ティオンホームプラチナ,7500,50,2.959,25.456,23,77,1,12,24,26,20,11,6
188,歯 セラミック 値段,7200,50,2.877,-0.005,40,60,1,8,22,28,25,11,5
189,貴族手術,6600,50,2.991,2.384,10,90,7,32,26,17,12,4,2
190,ガミースマイル ボトックス,6500,50,3.172,14.056,6,94,1,37,31,17,9,3,2
191,顎下脂肪吸引,6500,50,3.109,48.288,11,89,4,42,26,14,9,3,2
192,ゴールデンバランスクリニック,6500,50,3.07,45.743,8,92,2,32,19,19,20,6,2
193,ホームホワイトニング 時間,6400,50,3.067,14.015,23,77,1,26,31,23,11,6,2
194,インモード ダウンタイム,6000,50,3.198,11.484,5,95,4,43,25,15,9,2,2
195,ホワイトニングシート,6000,50,3.19,10.321,28,72,10,23,20,21,16,6,4
196,アンカースクリュー 矯正,6000,50,3.065,-0.488,12,88,6,33,23,18,15,3,2
197,人中ボトックス,6000,50,3.06,-16.371,6,94,1,17,25,32,16,7,2
198,ジュベルックボリューム,5900,50,3.179,39.949,6,94,1,10,25,30,24,7,3
199,ハイドロキシアパタイト,5900,50,3.082,-17.105,36,64,2,19,18,20,18,14,9
200,sugar ドレス,5800,50,3.228,-7.348,7,93,5,53,24,10,4,2,2
201,ホームホワイトニング 金額,5300,50,3.213,25.721,25,75,5,24,21,21,17,9,3
202,差し歯 ホワイトニング,5100,50,3.33,0.004,25,75,1,6,12,25,33,18,5
203,咬合性外傷,4700,50,3.46,-5.488,26,74,3,18,22,24,20,8,5
204,オフィスホワイトニング 1回 効果,4700,50,3.334,29.049,19,81,3,30,27,21,13,4,2
205,ホームホワイトニング 頻度,4400,50,3.565,14.493,20,80,2,25,30,22,13,6,2
206,酸食症,4400,50,3.539,5.742,27,73,4,18,22,23,18,9,6
207,spt 歯科,4400,50,3.415,-37.463,17,83,1,20,18,25,21,9,6
208,キャドキャム冠,4300,50,3.52,0.173,23,77,1,10,19,30,23,10,7
209,白い歯,4300,50,3.406,10.981,47,53,2,3,9,16,26,23,21
210,cadcam,4200,50,3.51,3.274,48,52,1,13,20,27,22,11,6
211,含歯性嚢胞,4000,50,3.468,1.794,35,65,2,17,18,25,21,11,6
212,エムドゲイン,3900,50,3.476,20.83,33,67,1,10,12,22,28,17,10
213,インプラント学会,3900,50,3.47,-96.175,56,44,1,7,19,28,22,15,8
214,リンガルアーチ,3400,50,3.683,-21.809,17,83,3,27,23,32,11,2,2
215,歯並び 綺麗,3400,50,3.639,-0.002,19,81,6,20,21,23,17,8,5
216,gbr 歯科,3000,50,3.76,-0.941,28,72,0,20,18,22,18,13,9
217,ルートプレーニング,2500,50,3.954,-25.825,24,76,2,23,15,21,21,11,7
218,エンドクラウン 歯科,2300,50,4.021,6.64,48,52,0,11,19,22,22,17,9
219,ハッチンソン歯,2200,50,4.186,0.718,20,80,2,32,11,16,16,14,9
220,歯科衛生士国家試験,2200,50,4.079,36.355,27,73,8,36,9,14,21,8,4
221,ミニッシュ歯科,2000,50,4.097,28.655,21,79,1,12,25,33,20,7,2
222,ゼロネイト,1800,50,4.35,0.95,17,83,1,23,35,21,13,5,2
223,イーマックス 歯,1700,50,4.278,-0.021,20,80,1,12,19,32,25,8,3
224,セラミック治療,1600,50,4.361,-0.002,37,63,4,11,18,24,24,12,7
225,テトラサイクリン歯 白くする,1500,50,4.552,-0.006,21,79,2,4,8,16,54,12,4
226,カラベリー結節,1400,50,4.544,-0.13,21,79,9,45,15,13,10,6,2
227,アブフラクション,1300,50,4.671,-0.081,23,77,3,46,14,13,13,6,5
228,ベニア 歯,1200,50,4.847,0,26,74,0,10,18,23,19,19,11
229,ダイレクトベニア,1000,50,4.803,4.951,19,81,1,9,21,34,22,10,3
230,vビーム 効果,10200,40,2.502,8.431,16,84,2,24,24,24,17,6,3
231,コラーゲンピール,9900,40,2.503,-28.116,8,92,1,13,24,32,21,6,3
232,水の森美容外科 名古屋,9400,40,2.492,-13.039,10,90,7,29,16,18,20,7,3
233,ノンクラスプデンチャー 価格,9200,40,2.587,3.89,29,71,1,1,5,14,28,29,22
234,マリーンセル,9000,40,2.524,44.077,14,86,8,37,22,19,9,3,2
235,イセアクリニック,8900,40,2.552,-30.929,12,88,4,20,15,19,23,14,5
236,ストローマン,8800,40,2.539,-60.496,76,24,3,11,17,23,20,14,12
237,クレスト3dホワイト,8800,40,2.521,-9.045,27,73,5,15,22,23,19,11,5
238,リジュラン ダウンタイム,8800,40,2.51,18.749,8,92,1,16,22,30,22,7,2
239,インビザライン 失敗例,8700,40,2.632,22.02,18,82,2,12,22,32,21,7,4
240,糸リフト 痛み,8600,40,2.637,-24.737,10,90,1,10,20,30,27,9,3
241,エリシスセンス,8500,40,2.684,10.264,15,85,1,16,30,30,16,4,3
242,静脈内鎮静法,8500,40,2.614,19.764,32,68,3,15,16,24,22,12,8
243,歯のクリーニング 頻度,8300,40,2.487,27.076,25,75,1,14,21,22,20,14,8
244,ボルニューマー 効果,8200,40,2.7,42.199,7,93,0,6,17,32,30,11,4
245,グラフ ピアス,8200,40,2.643,24.923,9,91,1,21,34,25,12,5,2
246,ベビーコラーゲン,8000,40,2.644,44.95,9,91,0,5,15,33,30,11,6
247,脇ボトックス,8000,40,2.513,-2.401,10,90,3,30,27,22,12,4,2
248,目頭切開 ダウンタイム,7900,40,2.67,-21.142,9,91,11,36,21,15,12,3,2
249,石倉クリニック,7800,40,2.603,82.762,13,87,3,25,25,19,16,8,4
250,鼻 ヒアルロン酸,7600,40,2.779,-8.236,11,89,5,22,30,25,12,4,2
251,インビザラインとは,7600,40,2.593,-1.517,20,80,6,24,19,17,19,10,5
252,脂肪注入,7600,40,2.585,44.912,16,84,2,16,21,28,21,9,3
253,エミリアウィズ,7600,40,2.57,-48.504,6,94,1,20,41,21,10,4,3
254,マウスピース矯正 できない人,7500,40,2.698,-14.237,20,80,7,23,20,23,19,5,3
255,eクリニック,7300,40,2.768,-8.78,15,85,3,18,17,23,22,11,6
256,顎ヒアルロン酸,7300,40,2.752,1.422,12,88,8,38,21,16,12,3,2
257,taクリニック,7300,40,2.636,-46.489,19,81,3,25,25,23,15,6,3
258,ベンスクリニック,7200,40,2.823,13.521,7,93,5,43,24,14,10,3,1
259,輪郭3点,7200,40,2.66,-21.213,12,88,8,37,25,14,9,4,3
260,顔の脂肪吸引,7100,40,2.764,20.672,17,83,5,29,22,21,15,6,2
261,口横のポニョ,7000,40,2.74,57.82,7,93,2,16,23,32,20,4,3
262,湘南 ボトックス,6900,40,2.721,-30.97,7,93,1,32,32,22,9,3,1
263,pmtc,6900,40,2.683,9.949,28,72,3,16,19,24,22,10,6
264,医療ローン 審査,6900,40,2.663,-6.431,29,71,2,35,29,19,10,3,2
265,仮歯とは,6900,40,2.657,5.902,35,65,2,10,16,20,20,17,15
266,水光注射 ダウンタイム,6700,40,2.904,11.908,7,93,1,15,24,31,21,6,2
267,レナトゥスクリニック 大阪,6700,40,2.832,-6.577,7,93,10,46,15,12,12,3,2
268,叢生,6600,40,2.725,17.766,24,76,6,18,24,27,11,7,7
269,モフィウス8,6600,40,2.687,68.634,13,87,1,6,18,32,28,12,3
270,ガミースマイル 手術方法,6500,40,2.906,-5.025,13,87,3,24,24,23,17,6,3
271,pmtc とは,6400,40,2.894,4.967,25,75,1,17,13,19,24,16,10
272,口角ボトックス 効果,6400,40,2.872,-2.934,7,93,2,24,22,25,20,5,2
273,プルリアルデンシファイ,6400,40,2.743,29.124,9,91,0,6,19,36,26,9,4
274,涙袋ヒアルロン酸,6300,40,2.925,-11.008,10,90,17,45,17,11,8,1,1
275,クレスト ホワイトニングシート,6200,40,2.912,-11.493,26,74,5,20,24,23,18,6,4
276,青山外苑前クリニック,6200,40,2.877,-20.562,5,95,3,47,24,11,9,4,2
277,ホワイトデンタルクリニック,6100,40,2.754,0.307,36,64,1,9,16,28,26,13,7
278,前歯 インプラント 値段,6000,40,2.763,2.015,42,58,0,8,16,25,30,15,6
279,仮歯,5700,40,2.953,5.674,37,63,2,13,21,25,20,11,8
280,前歯 入れ歯,5700,40,2.911,-0.018,35,65,1,2,8,20,35,23,11
281,ラバーダム,5600,40,2.922,2.344,34,66,2,9,18,25,23,14,9
282,部分矯正 前歯,5400,40,3.153,37.677,15,85,6,24,20,24,18,6,2
283,口腔機能発達不全症,5400,40,2.912,-22.822,25,75,1,9,27,32,15,11,5
284,白い歯 保険適用 2024,5300,40,2.929,-0.018,21,79,0,4,12,27,32,17,8
285,ハノワ 歯科,5200,40,3.008,66.846,17,83,0,15,27,31,19,6,2
286,ホワイトニングジェル,5000,40,3.061,11.353,28,72,1,17,22,24,19,11,6
287,前歯だけ矯正,5000,40,3.019,-0.068,15,85,9,29,25,22,10,3,2
288,ジョールファット除去 失敗,4900,40,3.001,-2.489,8,92,3,18,24,26,20,6,3
289,交叉咬合,4800,40,3.163,-0.194,20,80,4,20,29,27,12,5,3
290,ヴァンクリネックレス,4800,40,3.078,41.784,25,75,5,27,14,14,21,14,5
291,噛み合わせ 矯正,4800,40,3.046,28.761,23,77,4,16,18,25,23,9,5
292,保険適用 白い歯,4700,40,3.226,0.017,26,74,2,11,23,27,23,10,4
293,芸能人 歯が綺麗な理由,4700,40,3.063,-0.028,23,77,1,7,18,30,26,13,5
294,歯科医師 求人,4600,40,3.159,-2.023,44,56,2,8,17,26,24,13,10
295,歯科医師国家試験,4600,40,3.104,-2.302,59,41,1,20,17,15,19,18,10
296,アライナー矯正,4500,40,3.247,-1.214,27,73,3,13,17,27,21,11,8
297,人中短縮 ボトックス,4500,40,3.082,51.201,7,93,2,14,27,33,18,4,2
298,オパールエッセンス 10%,4100,40,3.369,6.756,21,79,1,23,30,22,14,7,3
299,超音波スケーラー,4100,40,3.226,0.664,36,64,2,16,15,23,23,13,8
300,エプーリス,3800,40,3.478,58.714,29,71,1,18,17,22,21,13,8
301,デュアルホワイトニング,3600,40,3.551,18.721,22,78,4,26,28,22,13,5,2
302,オパールエッセンス 35%,3600,40,3.391,14.655,31,69,1,17,33,25,15,6,3
303,差し歯 歯茎 黒い,3400,40,3.354,-9.951,15,85,1,8,16,30,27,13,5
304,歯肉退縮,3300,40,3.609,27.378,29,71,6,21,26,23,13,6,5
305,ジュエルズ,3300,40,3.482,-2.721,19,81,2,38,21,20,11,6,2
306,湘南歯科クリニック,3200,40,3.655,1.079,28,72,2,23,21,21,19,10,4
307,ホワイトスポット 治療,3200,40,3.566,26.524,21,79,13,35,23,18,8,2,1
308,cad/cam冠,3200,40,3.549,8.553,41,59,1,9,18,24,25,15,8
309,cadcam冠 保険適用 条件,3200,40,3.527,25.171,42,58,0,9,18,26,26,14,7
310,ダイヤモンド今井デンタルクリニック,3200,40,3.407,-10.694,30,70,1,8,15,30,28,13,5
311,日本歯周病学会,3200,40,3.4,-29.169,47,53,0,8,19,25,22,18,8
312,オフィスホワイトニング 頻度,3100,40,3.565,18.93,18,82,2,35,31,20,9,2,1
313,歯の白さ レベル表,3100,40,3.515,-0.071,27,73,6,25,26,22,13,5,3
314,マウスピース矯正 前歯だけ,3100,40,3.5,7.038,16,84,9,27,21,21,17,3,2
315,キャドカム冠,3100,40,3.474,9.645,26,74,1,9,19,29,26,11,5
316,歯の色,2900,40,3.622,42.33,27,73,7,17,22,22,20,6,6
317,ティオン ホワイトニング,2800,40,3.606,-18.83,16,84,0,18,27,26,16,8,5
318,ローブドフルール,2700,40,3.636,70.671,8,92,3,49,26,11,7,2,2
319,ブラキシズム,2600,40,3.769,-26.686,23,77,3,28,15,19,18,10,7
320,美容歯科,2500,40,3.793,-7.045,27,73,5,9,12,27,26,14,7
321,オーラルディアドコキネシス,2400,40,3.947,-13.45,28,72,2,29,12,16,18,12,11
322,芸能人 歯,2400,40,3.705,5.921,25,75,2,12,26,30,20,7,3
323,ノーベルバイオケア,2300,40,3.836,16.907,63,37,0,3,12,28,31,18,8
324,根管充填,2200,40,3.944,-26.923,24,76,2,33,20,20,14,8,3
325,tbi 歯科,2200,40,3.929,9.742,15,85,3,35,19,19,14,7,3
326,フェストゥーン,1900,40,4.149,-7.835,17,83,4,44,20,15,11,4,2
327,セラミック矯正 後悔,1900,40,4.042,0.009,24,76,2,12,19,28,26,9,4
328,前歯 被せ物,1600,40,4.125,-0.01,37,63,1,13,29,26,22,6,3
329,ゼロネイト 値段,1300,40,4.54,-36.814,14,86,1,28,33,21,11,4,2
330,すきっ歯 治療,1300,40,4.365,0,31,69,4,11,20,24,23,13,5
331,ウォーキングブリーチ 費用,1200,40,4.42,-0.02,26,74,3,15,24,30,20,6,2
332,神経のない歯を白くする,1200,40,4.419,-0.001,17,83,1,7,20,35,25,9,3
333,審美歯科 東京,1100,40,4.757,-6.987,17,83,1,16,12,18,31,15,7
334,アクチバトール,1100,40,4.737,19.101,25,75,3,49,14,17,11,4,2
335,ターナー歯,1100,40,4.711,0.826,16,84,3,53,17,11,9,4,3
336,イソトレチノイン 通販,8200,30,2.525,11.603,35,65,8,39,21,17,11,2,2
337,ラビジュール,7700,30,2.539,-3.528,30,70,4,31,30,21,8,4,2
338,蜜のレンズ,7700,30,2.507,36.77,3,97,25,47,17,6,3,1,1
339,ラバーダム 歯科,7100,30,2.612,59.791,25,75,1,6,13,23,27,18,12
340,熱破壊式 医療脱毛,7000,30,2.675,51.759,19,81,7,45,23,14,8,2,1
341,シェリミー,7000,30,2.657,-13.645,5,95,16,47,21,8,5,2,1
342,プルリアル,7000,30,2.596,36.712,10,90,1,7,23,35,24,6,4
343,林翔,7000,30,2.589,-10.554,20,80,1,17,33,26,13,6,4
344,リエンジャン 韓国,7000,30,2.543,0.011,8,92,1,23,20,23,22,8,3
345,クロムハーツ ニット帽,6800,30,2.687,49.453,38,62,6,38,27,16,9,3,1
346,前歯 矯正,6800,30,2.545,-4.921,19,81,3,29,26,26,11,3,2
347,ひめか ハメ撮り,6800,30,2.544,-40.583,50,50,1,26,41,21,8,2,1
348,東カレ 審査,6600,30,2.585,65.37,39,61,2,51,27,10,6,3,1
349,アマソラクリニック 料金,6600,30,2.561,-19.603,14,86,1,10,17,27,29,12,4
350,プランエスクリニック 韓国,6600,30,2.497,69.981,6,94,1,15,23,28,24,7,2
351,ホワイトニング歯磨き粉ランキング,6500,30,2.648,6.028,27,73,6,17,17,19,22,13,6
352,ユアクリニック 韓国,6500,30,2.577,35.534,6,94,2,30,21,20,20,5,2
353,patou tシャツ,6500,30,2.535,17.735,14,86,2,25,26,21,15,8,3
354,ベビースキン,6400,30,2.503,-10.328,12,88,2,17,26,30,17,5,3
355,フェニトイン,6400,30,2.486,-23.68,35,65,1,40,15,16,14,8,6
356,女優注射 湘南美容外科 効果,6300,30,2.544,-35.8,8,92,0,4,14,35,33,11,3
357,ラグアジェム,6300,30,2.537,-5.351,9,91,13,52,11,10,11,2,1
358,tee ホワイトニング,6300,30,2.488,-0.009,25,75,17,30,19,17,12,4,1
359,スキンボトックス 効果,6200,30,2.654,35.088,7,93,1,21,26,25,19,6,2
360,湘南美容外科 ヒアルロン酸,6200,30,2.638,-71.56,9,91,3,24,24,26,16,5,2
361,顎 ヒアルロン酸,6200,30,2.518,0.029,13,87,5,24,27,26,13,3,2
362,眉間 ボトックス,6200,30,2.514,30.216,10,90,1,12,29,34,18,3,3
363,オフィスホワイトニング 値段,6100,30,2.606,-0.003,27,73,4,25,26,21,15,6,3
364,銀座ファインケアクリニック,6100,30,2.586,-15.162,12,88,8,45,20,12,10,3,2
365,口ゴボ 矯正,6100,30,2.577,-17.961,16,84,11,39,24,16,7,2,1
366,日本矯正歯科学会認定医一覧,6000,30,2.783,1.551,13,87,3,25,24,27,15,3,3
367,vビーム 保険適用,6000,30,2.708,0.579,11,89,3,29,24,20,16,5,3
368,ポピュレーションアプローチ,6000,30,2.634,-13.185,32,68,4,30,10,17,21,12,6
369,yello 靴,6000,30,2.596,21.416,7,93,9,40,24,16,7,2,2
370,眉下切開 ダウンタイム,6000,30,2.547,-31.444,10,90,2,9,11,25,34,15,4
371,ベンスクリニック 明洞,5900,30,2.705,9.968,8,92,2,22,18,22,24,9,3
372,アクネトレント,5900,30,2.581,72.526,29,71,2,31,24,21,16,4,2
373,wクリニック,5900,30,2.511,41.299,17,83,1,16,24,29,19,8,3
374,ボライト 効果,5900,30,2.508,-73.185,7,93,0,6,17,34,29,11,3
375,ヴェルベットスキン,5800,30,2.685,88.966,15,85,1,24,31,26,13,4,1
376,セレクトクリニック,5800,30,2.519,40.077,11,89,2,26,32,21,12,5,2
377,リニアハイフ,5800,30,2.519,-14.73,9,91,2,22,29,26,14,4,3
378,レストアンドレクリエーション,5700,30,2.669,4.751,8,92,12,43,17,14,11,2,1
379,ソーシャルキャピタルとは,5700,30,2.665,27.048,18,82,9,42,6,11,16,9,7
380,口角挙上,5600,30,2.799,4.496,11,89,3,33,26,19,12,4,3
381,広頚筋 ボトックス,5600,30,2.792,85.742,6,94,2,19,26,25,21,4,3
382,クレスト 歯磨き粉,5600,30,2.742,4.259,25,75,3,17,28,25,16,7,4
383,ナイトガード 顔変わる,5600,30,2.642,16.68,16,84,2,15,25,27,20,8,3
384,レモンボトル 脂肪溶解,5600,30,2.632,115.997,10,90,0,9,24,33,25,7,2
385,小鼻ボトックス,5500,30,2.819,-4.186,8,92,5,32,25,20,13,3,2
386,唇フィラー,5500,30,2.695,-2.31,6,94,4,32,25,20,12,4,3
387,松田周,5500,30,2.534,91.18,17,83,1,7,40,36,10,3,3
388,歯槽骨,5400,30,2.803,8.096,31,69,2,14,16,21,21,14,12
389,水の森クリニック 大阪,5400,30,2.782,-8.707,8,92,7,24,16,19,22,8,4
390,差し歯 寿命,5400,30,2.772,45.111,28,72,0,3,11,22,30,20,14
391,アエルクリニック,5400,30,2.601,-11.959,13,87,1,10,12,20,32,18,7
392,スネコス,5400,30,2.56,34.968,10,90,0,7,22,35,26,7,3
393,ムーシールド,5400,30,2.54,26.988,20,80,1,7,39,37,9,4,3
394,ポイックウォーター,5300,30,2.777,69.469,26,74,1,6,18,25,25,16,9
395,仮歯が取れた 応急処置,5300,30,2.763,-3.344,34,66,0,8,14,25,28,16,9
396,リエンジャン 新宿,5200,30,2.911,-42.442,7,93,1,29,27,21,15,6,1
397,女優注射,5200,30,2.864,-55.06,9,91,1,7,21,36,25,7,3
398,エアフロー,5200,30,2.841,2.376,35,65,2,15,21,23,21,11,7
399,cat注射,5200,30,2.807,27.475,8,92,2,16,25,28,21,6,2
400,イテウォンビューティークリニック,5100,30,2.929,-16.228,10,90,1,18,24,30,20,5,2
401,ジャルプロスーパーハイドロ,5100,30,2.915,25.946,8,92,1,3,17,33,32,10,4
402,インモードとは,5100,30,2.847,-44.375,10,90,6,47,20,9,11,5,2
403,欠けた歯 修復,5100,30,2.824,-0.001,40,60,3,13,17,26,20,13,8
404,切端咬合,5100,30,2.797,5.672,19,81,3,16,28,29,14,7,3
405,スキンブースターとは,5100,30,2.775,55.325,8,92,2,20,22,23,22,9,2
406,下がった歯茎を戻す方法,5100,30,2.741,6.226,27,73,2,10,18,26,24,13,7
407,歯科医師国保 保険料,5100,30,2.653,-30.522,22,78,0,11,20,29,24,10,6
408,tcb ボトックス,5000,30,2.818,-43.76,7,93,1,40,28,19,6,3,3
409,レディアンスパ 恵比寿,5000,30,2.73,-40.594,54,46,1,42,32,15,6,3,1
410,gbr,5000,30,2.709,5.909,52,48,2,7,11,18,19,19,24
411,ジュビダーム,5000,30,2.632,22.895,11,89,1,18,24,28,18,7,4
412,フォトrf,5000,30,2.624,24.355,10,90,1,18,28,28,16,6,3
413,dmtc美容皮膚科,4900,30,2.965,-6.213,12,88,2,42,23,15,13,4,1
414,チューンライナー,4900,30,2.933,13.594,5,95,1,24,37,24,9,4,1
415,リアンクリニック,4900,30,2.85,7.99,9,91,1,7,20,27,27,14,4
416,鼻 脂肪溶解注射,4900,30,2.798,26.881,11,89,5,34,28,17,11,3,2
417,こめかみ ヒアルロン酸,4900,30,2.746,-25.821,6,94,1,8,20,35,25,7,4
418,ピコトーニングとは,4900,30,2.687,-3.994,8,92,2,22,24,22,20,8,2
419,スレッドリフト,4800,30,2.841,-62.059,10,90,1,7,17,32,27,12,4
420,ゴルゴライン ヒアルロン酸,4800,30,2.793,25.537,7,93,1,5,14,31,33,12,4
421,ユアクリニック 新宿,4800,30,2.761,-43.437,5,95,2,39,27,18,11,2,1
422,美容内服,4700,30,2.762,63.913,8,92,2,23,34,28,10,2,1
423,脂肪吸引 顔,4600,30,2.762,3.429,16,84,6,43,26,14,7,2,2
424,うるおいコラーゲンリフト,4600,30,2.753,56.175,8,92,1,3,14,35,33,10,4
425,湘南美容外科 糸リフト,4600,30,2.715,72.828,9,91,1,14,24,31,22,6,2
426,and美容外科 juno,4600,30,2.714,32.236,11,89,1,10,19,28,28,11,3
427,頬こけ ヒアルロン酸,4500,30,2.941,132.21,9,91,1,15,29,33,17,3,2
428,ルーセント歯科,4500,30,2.914,-19.891,17,83,4,40,27,14,11,3,1
429,噛み合わせ,4500,30,2.897,41.573,29,71,5,14,20,22,20,11,8
430,脂肪注入 ダウンタイム,4500,30,2.801,67.437,8,92,1,11,20,31,27,7,3
431,アネシス美容クリニック,4500,30,2.8,4.784,14,86,10,31,16,16,15,7,5
432,ジルコニア 歯 後悔,4400,30,3.066,18.913,30,70,1,6,16,25,25,16,11
433,アサミ美容外科,4400,30,2.844,-1.826,15,85,2,14,16,21,23,13,11
434,部分矯正 費用,4300,30,3.148,5.312,23,77,12,33,23,20,8,3,1
435,オステオポール,4300,30,2.998,40.515,13,87,3,19,26,26,17,7,2
436,and式糸リフト 口コミ,4300,30,2.978,-39.595,11,89,1,5,13,30,34,13,4
437,神経のない歯が痛い,4300,30,2.937,8.334,21,79,1,4,13,28,32,15,7
438,pmtc クリーニング 違い,4300,30,2.931,4.093,22,78,0,10,18,23,23,18,8
439,鼻ヒアルロン酸,4300,30,2.931,-101.269,12,88,5,33,22,20,15,4,1
440,グロスファクター,4300,30,2.79,7.984,12,88,1,9,18,28,28,12,4
441,マイクロスコープ 歯科,4200,30,3.144,15.997,31,69,1,6,12,22,26,19,14
442,フォルテクリニック 韓国,4200,30,3.013,40.132,6,94,1,33,24,19,17,4,2
443,鼻先を尖らせる方法,4200,30,2.829,43.167,16,84,13,23,20,20,15,5,4
444,aクリニック 銀座,4100,30,2.978,27.79,11,89,0,18,22,24,21,11,4
445,コンクール クリーニングジェル,4100,30,2.933,8.171,15,85,1,9,17,23,24,15,11
446,さいとう矯正歯科,4100,30,2.932,0.379,20,80,5,24,22,24,19,4,2
447,上皮真珠,4100,30,2.827,73.557,18,82,1,21,41,17,10,7,3
448,サホライド,4000,30,3.144,-31.993,23,77,1,16,30,28,14,7,4
449,肌治療,4000,30,2.978,62.162,19,81,8,48,24,10,6,2,2
450,抜髄,4000,30,2.877,15.953,33,67,3,16,22,25,18,9,7
451,東京脂肪吸引クリニック,3900,30,3.105,-32.21,12,88,2,43,25,13,10,5,2
452,fatx core,3900,30,3.023,22.538,11,89,1,22,28,28,15,3,3
453,サイナストラクト,3900,30,2.959,-8.921,31,69,2,16,20,26,20,11,5
454,東京皮膚科形成外科,3900,30,2.954,-18.645,10,90,3,30,22,17,16,9,3
455,ゼティスビューティー,3900,30,2.898,3.996,15,85,3,20,24,24,19,8,2
456,補綴,3800,30,3.143,-2.111,42,58,2,12,14,19,22,15,16
457,ノーズビーム,3800,30,3.057,91.048,6,94,2,21,26,29,16,4,2
458,過酸化水素 ホワイトニング,3800,30,2.978,0.004,29,71,1,11,18,24,25,14,7
459,リグロス 歯科,3800,30,2.923,55.563,34,66,1,11,13,21,26,19,9
460,歯科医師国家試験 2024,3700,30,3.187,-40.95,56,44,1,15,9,10,24,27,14
461,マンジャロ オンライン,3700,30,3.1,44.062,15,85,2,26,27,25,14,4,2
462,ネックリフト,3700,30,3.009,8.327,12,88,1,10,19,26,27,11,6
463,ラミチェ皮膚科 韓国,3700,30,2.964,28.947,7,93,0,24,24,25,19,6,2
464,急速拡大装置,3700,30,2.949,56.9,17,83,2,16,27,38,11,3,3
465,スーパーフロス,3600,30,3.218,-3.855,25,75,2,15,15,23,22,14,9
466,猫貴族手術,3600,30,3.045,4.91,7,93,11,39,23,13,9,3,2
467,オープンバイト,3600,30,3.039,-5.856,16,84,4,21,27,25,15,6,2
468,ニューラミス ヒアルロン酸,3600,30,2.998,-14.804,8,92,3,18,24,26,20,6,3
469,モリタ 歯科,3600,30,2.987,-48.198,66,34,0,9,11,21,27,20,12
470,抜髄 歯科,3600,30,2.972,-12.778,27,73,2,21,22,26,17,9,3
471,歯牙腫,3500,30,3.3,-24.016,27,73,2,17,19,29,18,9,6
472,ホワイトニング後 食事,3500,30,3.193,-42.838,18,82,2,37,28,16,11,4,2
473,綺麗な歯並び,3500,30,3.174,14.341,25,75,11,31,27,14,9,5,3
474,トランセンドフラッシュホワイトニング,3500,30,3.026,59.416,22,78,0,7,16,27,29,16,5
475,ウィスマイル矯正 口コミ,3500,30,3.014,-0.003,9,91,2,9,23,37,24,4,1
476,酸蝕症,3500,30,3.012,25.209,29,71,5,17,21,23,19,10,5
477,ヘアケアクリニック,3400,30,3.219,35.806,7,93,2,33,32,16,10,4,3
478,アマミネクリニック,3400,30,3.018,-38.948,14,86,1,13,20,27,25,10,4
479,ヒドロキシアパタイト,3300,30,3.362,-10.941,33,67,6,29,14,14,15,12,10
480,srp,3300,30,3.253,14.645,42,58,3,17,16,23,21,12,8
481,ホワイトクロス,3300,30,3.21,-104.562,55,45,2,9,21,30,21,11,6
482,下の歯 矯正,3300,30,3.203,1.041,24,76,4,26,25,25,12,5,3
483,鼻孔縁挙上,3300,30,3.165,-25.227,10,90,9,47,25,9,6,2,2
484,過酸化水素 歯磨き粉,3300,30,3.059,-29.562,30,70,3,12,19,25,22,12,7
485,象牙質,3300,30,3.056,16.314,36,64,10,30,24,17,10,4,5
486,ヒアルロン酸 種類,3200,30,3.235,-101.678,8,92,1,21,27,26,17,4,4
487,テルプラグ,3200,30,3.141,14.484,44,56,0,15,22,24,19,14,6
488,eクリニック 大阪,3200,30,3.119,19.389,10,90,2,16,16,21,29,12,4
489,ホワイトニング しみる,3200,30,3.115,3.603,17,83,2,29,35,21,9,3,1
490,貴族ヒアルとは,3100,30,3.224,34.134,9,91,3,28,23,25,14,5,2
491,デンタルショー 2024,3100,30,3.125,1.074,35,65,1,15,21,28,21,10,4
492,中心結節,3100,30,3.112,-1.132,18,82,7,20,19,36,12,4,2
493,インプラント周囲炎,3000,30,3.311,35.768,31,69,0,9,12,21,26,20,12
494,デンタルローン 審査落ち,3000,30,3.263,7.963,29,71,0,20,31,26,16,5,2
495,抜歯矯正,3000,30,3.234,9.33,21,79,14,40,20,14,8,2,2
496,ベイザー 脂肪吸引,3000,30,3.195,7.909,13,87,2,21,23,26,18,7,3
497,東京デンタルショー2024,3000,30,3.146,-7.009,57,43,0,10,16,27,25,16,6
498,フルオールゼリー,3000,30,3.138,1.273,20,80,1,19,23,27,18,9,3
499,日本口腔インプラント学会,2900,30,3.447,-50.088,61,39,1,4,14,22,27,22,10
500,デンタルワーカー,2900,30,3.278,16.761,22,78,1,20,20,28,21,7,3
501,インビザライン ゴムかけ 効果,2900,30,3.252,16.355,15,85,2,20,24,28,19,6,1
502,ヘアライン アートメイク,2800,30,3.362,24.079,13,87,1,20,25,24,19,7,4
503,miペースト 効果,2800,30,3.322,17.772,14,86,2,16,26,31,17,5,3
504,ダイヤモンド今井,2800,30,3.321,27.626,32,68,1,10,23,30,23,9,4
505,ブラーバ 矯正,2800,30,3.31,68.836,20,80,3,26,27,24,13,5,2
506,tch 歯科,2800,30,3.299,11.318,25,75,1,17,17,23,22,13,7
507,emax,2800,30,3.244,0.021,55,45,1,9,15,23,27,15,10
508,前歯の隙間を治す方法,2800,30,3.241,15.076,22,78,3,8,15,23,27,14,10
509,ヘミセクション,2700,30,3.493,4.099,23,77,1,27,17,21,18,9,7
510,六本木ヘアケアクリニック,2700,30,3.425,25.822,7,93,2,44,30,14,7,2,1
511,ホワイトニング 効果,2700,30,3.293,1.556,37,63,3,28,25,20,14,7,3
512,トリートメントコーディネーター,2600,30,3.565,0.237,16,84,1,22,27,28,15,4,3
513,歯周病学会,2600,30,3.554,-76.969,46,54,1,11,23,28,21,11,5
514,ペリオフィール,2600,30,3.422,-74.674,23,77,0,21,19,23,21,11,5
515,歯のマニキュア 口コミ,2600,30,3.382,-0.657,17,83,2,2,6,16,32,30,12
516,両顎手術,2600,30,3.371,-35.088,15,85,9,42,26,12,7,3,1
517,歯科衛生士 麻酔 資格,2600,30,3.324,-8.243,18,82,1,14,22,31,21,9,2
518,インレー,2500,30,3.664,-0.011,31,69,3,19,24,23,17,8,6
519,外側翼突筋,2500,30,3.608,27.979,39,61,6,33,17,18,14,7,5
520,前歯 隙間ができた,2500,30,3.482,-32.501,25,75,5,13,28,29,18,5,2
521,デンツプライシロナ,2500,30,3.339,-23.082,64,36,0,6,16,29,27,15,7
522,ピーク冠 歯科,2400,30,3.633,-38.987,30,70,1,13,21,28,21,11,5
523,シエン社,2400,30,3.598,-64.937,66,34,1,6,13,28,25,18,9
524,womクリニック,2400,30,3.589,61.403,10,90,2,36,26,16,15,3,2
525,唇ヒアルロン酸 ダウンタイム,2400,30,3.483,36.923,4,96,1,29,19,20,19,8,4
526,舌圧測定器,2400,30,3.46,-8.931,38,62,1,13,13,24,22,17,10
527,スーパーボンド 歯科,2400,30,3.444,4.897,36,64,1,24,16,21,20,12,6
528,オーバーデンチャー,2300,30,3.668,42.891,32,68,0,17,9,16,22,21,15
529,xクリニック 銀座,2300,30,3.665,-0.171,15,85,1,17,17,23,26,13,3
530,トータルヘルスプロモーション,2300,30,3.563,3.978,27,73,24,44,8,10,9,4,1
531,ソケットプリザベーション,2300,30,3.519,-10.531,36,64,0,11,18,25,23,16,7
532,斑状歯,2300,30,3.402,15.68,32,68,2,24,18,20,18,12,6
533,スプリント 歯科,2200,30,3.733,36.224,24,76,2,20,17,22,20,11,8
534,ホワイトニング 種類,2200,30,3.604,0.003,29,71,4,40,29,15,8,2,2
535,jewels ドレス,2200,30,3.599,67.831,10,90,5,55,21,9,6,2,2
536,cadcam インレー,2100,30,3.637,1.818,38,62,1,14,18,27,21,12,7
537,ガッタパーチャ,2000,30,3.865,0.533,41,59,1,16,19,23,19,13,9
538,ホワイトニングコーディネーター,2000,30,3.86,-9.589,13,87,3,30,26,23,14,3,1
539,札幌 ホワイトニング,2000,30,3.762,0.004,27,73,3,33,28,20,10,3,3
540,口腔内スキャナー,2000,30,3.654,-4.774,48,52,2,13,14,24,25,15,7
541,カルシペックス 歯科,1900,30,3.812,-97.074,22,78,2,34,18,19,14,9,4
542,ソケットリフト,1900,30,3.807,10.189,35,65,0,12,18,24,23,16,7
543,ジルコニアセラミック,1900,30,3.784,-7.511,34,66,1,11,17,29,22,11,9
544,前歯 セラミック 料金,1900,30,3.772,-0.007,26,74,0,10,21,29,25,11,4
545,セファロ 歯科,1900,30,3.742,39.213,23,77,1,31,19,24,16,5,4
546,セラミック ジルコニア 違い,1900,30,3.629,97.064,22,78,0,12,26,31,21,7,3
547,アポツール,1800,30,3.706,-26.285,29,71,0,26,26,27,13,5,3
548,プリシードプロシードモデル,1800,30,3.69,-2.926,8,92,3,69,6,8,7,5,2
549,口管強 施設基準,1800,30,3.684,51.956,65,35,1,1,11,32,28,19,8
550,アバットメント,1700,30,3.79,13.839,42,58,1,14,12,18,22,19,14
551,ブラックトライアングル 埋める,1700,30,3.789,-21.969,15,85,1,14,30,31,17,4,3
552,仮歯 違和感,1700,30,3.767,50.306,24,76,1,10,22,27,23,13,4
553,レッドコンプレックス,1700,30,3.762,-38.569,23,77,5,35,15,17,14,10,4
554,ブラックトライアングル 治療,1600,30,4.085,-1.92,15,85,2,15,28,28,20,6,1
555,失活歯,1600,30,4.053,0.327,26,74,1,18,23,28,17,9,4
556,ペリクルとは,1600,30,3.976,-71.031,40,60,5,26,13,18,20,12,6
557,ガムピーリング,1600,30,3.904,1.379,24,76,1,18,30,28,16,6,1
558,歯冠長延長術,1600,30,3.859,-0.12,20,80,2,29,21,20,18,8,2
559,抜歯窩,1600,30,3.833,44.531,29,71,2,21,20,21,17,14,5
560,ステファンカーブ,1500,30,4.12,-24.185,20,80,5,30,17,20,14,9,5
561,硬質レジン前装冠,1500,30,4.094,0.278,40,60,3,14,17,23,21,12,10
562,アルジネート印象材,1500,30,4.047,-49.215,28,72,8,29,16,17,15,11,4
563,アンキローシス,1500,30,4.009,56.842,25,75,2,31,21,20,16,9,1
564,歯周組織,1500,30,3.972,24.033,17,83,14,43,15,14,9,4,1
565,クワドヘリックス,1500,30,3.944,70.202,19,81,3,34,24,26,8,3,2
566,医療ホワイトニング,1500,30,3.832,20.443,28,72,2,27,21,24,18,6,2
567,カンペル平面,1400,30,4.197,4.958,39,61,1,40,17,18,15,5,4
568,フランクフルト平面,1400,30,4.188,-4.927,29,71,2,41,18,19,11,7,2
569,ohi 歯科,1400,30,4.078,2.355,16,84,1,32,23,24,12,5,3
570,根面う蝕,1400,30,4.038,35.27,31,69,1,22,14,19,19,13,12
571,オーバージェット,1200,30,4.344,-5.922,30,70,3,29,22,19,17,7,3
572,ラミネート 歯,1200,30,4.321,-0.007,16,84,2,15,29,23,19,8,4
573,急性化膿性歯髄炎,1200,30,4.123,21.985,24,76,4,41,20,16,11,5,3
574,光学印象 歯科,1200,30,4.052,-36.015,34,66,2,17,16,25,23,12,5
575,こうもう 歯科,1200,30,4.041,-4.866,17,83,3,28,19,21,19,7,3
576,メンデルソン手技,1100,30,4.306,-11.087,25,75,2,56,15,12,10,3,2
577,メタルタトゥー,1100,30,4.207,36.316,27,73,1,9,25,26,22,11,6
578,酸化亜鉛ユージノールセメント,1000,30,4.517,4.487,16,84,5,60,14,10,7,3,1
579,侵襲性歯周炎,1000,30,4.36,7.171,23,77,2,31,21,23,12,8,3
580,鋏状咬合,1000,30,4.262,7.333,30,70,5,31,18,20,13,8,5
581,ベルフラッシュ マツキヨ,5700,20,2.522,26.963,4,96,7,25,19,19,17,8,5
582,伝達麻酔とは,5600,20,2.507,-71.386,24,76,2,23,17,20,18,12,8
583,歯が黄色い 治す方法,5500,20,2.496,-0.478,29,71,15,22,18,20,15,6,4
584,アグネス ニキビ,5400,20,2.57,-38.282,14,86,3,36,27,18,10,4,2
585,jewels,5400,20,2.56,-21.623,22,78,6,48,17,10,9,5,5
586,キャバドレス 安い,5300,20,2.604,36.123,6,94,6,52,21,11,7,2,1
587,vビーム ダウンタイム,5300,20,2.56,-2.876,14,86,3,30,28,21,11,4,3
588,プライマリヘルスケア,5300,20,2.545,-9.942,17,83,10,57,8,10,9,3,3
589,インプラント ブリッジ,5300,20,2.526,-33.107,42,58,1,5,15,28,30,16,5
590,pinue,5200,20,2.515,31.289,10,90,5,51,26,8,6,3,1
591,きだもとくに 医師,5200,20,2.5,-79.878,12,88,1,7,26,32,19,10,5
592,歯科医師国家試験 合格発表日,5100,20,2.599,83.897,50,50,1,9,11,13,24,27,15
593,リジュビネックス,5100,20,2.539,52.062,6,94,0,10,23,27,27,10,3
594,六本木 キャバクラ,5000,20,2.497,-58.021,70,30,1,20,28,26,17,6,2
595,ドライソケットとは,5000,20,2.487,-4.063,18,82,4,34,20,14,15,8,5
596,韓国美容ツアー,4900,20,2.606,-24.576,10,90,1,4,8,24,37,18,8
597,ガスクロマトグラフィー,4900,20,2.531,36.749,63,37,3,32,14,17,17,10,7
598,balenciaga バッグ,4800,20,2.665,45.84,28,72,8,34,15,16,13,8,6
599,ボツラックス,4800,20,2.611,34.297,12,88,2,21,25,27,17,5,3
600,yellow 靴,4800,20,2.574,79.158,6,94,10,42,21,15,9,2,1
601,ルシェロ,4800,20,2.534,89.729,29,71,3,14,19,25,23,10,6
602,ショッピングリフト 効果なし,4800,20,2.485,-24.087,8,92,0,2,11,29,40,15,3
603,湘南 ハイフ,4700,20,2.651,31.937,8,92,0,16,34,30,15,3,2
604,もちろん 韓国語,4700,20,2.628,28.062,15,85,12,30,12,15,16,9,6
605,歯 被せ物,4700,20,2.612,2.606,45,55,3,13,24,23,20,11,6
606,スターホワイトニング 口コミ,4700,20,2.582,60.793,19,81,3,20,20,24,21,9,3
607,渋谷おおしま皮膚科,4700,20,2.569,51.868,14,86,1,24,24,21,19,8,3
608,金の糸,4700,20,2.539,33.753,22,78,2,9,18,30,25,10,6
609,リポットレーザー 東京,4700,20,2.504,-14.427,6,94,1,5,15,36,32,9,2
610,パラフィンワックス,4600,20,2.659,27.534,39,61,2,16,16,22,22,12,10
611,リズネ,4600,20,2.615,49.342,10,90,0,12,26,31,22,7,2
612,ディノベート ホワイトニング,4600,20,2.531,66.179,19,81,10,15,18,29,20,6,2
613,リポットレーザー 大阪,4500,20,2.716,80.866,7,93,1,5,17,34,31,9,3
614,脂肪吸引 ダウンタイム,4500,20,2.691,-2.557,15,85,4,39,29,17,8,2,1
615,テスリフト,4500,20,2.654,-113.063,10,90,0,7,19,32,27,9,6
616,糸リフト 何本必要,4500,20,2.634,9.483,8,92,0,11,22,29,27,8,3
617,シュガー ドレス,4500,20,2.59,-5.88,8,92,2,50,31,11,4,1,1
618,オールオン4 費用,4500,20,2.537,17.932,42,58,0,3,7,16,31,29,14
619,小臼歯,4500,20,2.526,10.906,31,69,4,18,21,24,16,10,7
620,ホワイトニングショップ,4500,20,2.503,-2.076,24,76,2,28,26,24,15,4,1
621,ライリー youtube,4500,20,2.489,-1.726,22,78,8,35,29,17,8,1,2
622,ザホワイトデンタルクリニック,4400,20,2.676,-45.739,35,65,2,14,19,25,25,11,4
623,眉下切開 芸能人,4400,20,2.641,22.71,12,88,1,4,9,25,35,20,6
624,ヴァンクリーフ ブレスレット,4400,20,2.639,134.193,24,76,2,17,25,21,18,11,6
625,ディプティック ハンドソープ,4400,20,2.636,43.968,11,89,0,40,34,14,7,3,2
626,華金カップル りこ,4400,20,2.567,-7.455,34,66,3,52,29,8,5,2,1
627,歯科用語,4400,20,2.52,34.469,22,78,2,11,12,24,27,15,9
628,メルサージュ,4400,20,2.519,82.861,20,80,1,10,16,25,27,15,6
629,デイリースキンクリニック,4300,20,2.751,12.663,12,88,2,26,32,22,12,4,2
630,ペイライト,4300,20,2.692,-62.928,56,44,0,4,9,18,21,22,26
631,ウルトラフォーマー3,4300,20,2.685,46.05,7,93,1,13,23,31,22,8,2
632,グローバルビューティークリニック,4300,20,2.68,-16.367,14,86,5,28,23,18,17,7,2
633,頬こけ 改善,4300,20,2.592,22.131,15,85,1,13,30,35,14,4,3
634,オンダリフト 効果,4300,20,2.557,84.066,6,94,2,19,21,23,25,8,2
635,韓国 両替 レート,4300,20,2.535,-8.102,21,79,3,33,21,18,16,6,3
636,メソナj 効果,4300,20,2.513,24.087,8,92,1,8,17,33,28,9,4
637,オージュア リペアリティ,4300,20,2.497,58.016,10,90,2,26,28,22,15,5,2
638,ひめか 豊胸,4200,20,2.768,-62.123,16,84,1,15,40,31,10,2,1
639,クマ取り注射,4200,20,2.7,-56.503,18,82,2,8,17,35,26,9,3
640,大宮 マーラータン,4200,20,2.65,79.954,15,85,9,28,23,20,14,4,2
641,ciモール,4200,20,2.55,-5.971,41,59,0,6,13,27,27,16,11
642,インモード 大阪,4100,20,2.805,-57.762,4,96,4,46,23,14,9,2,2
643,rhode iphoneケース,4100,20,2.801,22.074,5,95,12,37,24,17,8,2,0
644,ほうれい線 ハイフ,4100,20,2.766,17.321,12,88,0,9,27,34,20,7,3
645,リナメル 歯磨き粉,4100,20,2.689,-26.356,16,84,0,15,24,23,21,10,7
646,転生クリニック,4100,20,2.673,9.422,14,86,2,17,22,27,19,9,4
647,spt,4100,20,2.663,4.25,51,49,3,12,14,22,24,16,9
648,リポットレーザー 口コミ,4100,20,2.637,-35.707,8,92,1,2,8,29,39,17,4
649,お茶の水美容形成クリニック,4100,20,2.631,-3.398,12,88,2,20,22,21,20,11,4
650,酸蝕歯,4100,20,2.629,-0.024,27,73,4,21,24,23,15,7,6
651,ヴェルヴェットスキン,4100,20,2.622,-32.854,12,88,1,26,34,24,10,3,2
652,歯の黄ばみ,4100,20,2.612,-0.041,31,69,8,18,24,24,15,6,5
653,歯髄,4100,20,2.61,-0.004,41,59,3,13,18,22,21,13,10
654,ホワイトニングカフェ 口コミ,4100,20,2.609,-41.587,18,82,4,19,20,27,22,7,1
655,てんちむ かねこあや,4100,20,2.567,-3.034,29,71,1,15,36,27,13,5,3
656,フォトトリプル,4100,20,2.561,39.7,15,85,1,18,35,30,12,3,1
657,肌育注射,4100,20,2.503,104.672,9,91,1,5,18,36,29,9,2
658,シャネルj12,4100,20,2.503,-52.008,56,44,1,5,13,29,29,16,7
659,ユーシモール パープル,4100,20,2.498,3.896,13,87,2,21,27,26,17,5,2
660,六本木クリニック,4100,20,2.493,6.4,24,76,3,12,18,29,23,10,5
661,エムミーエメ,4000,20,2.943,-75.93,6,94,16,53,17,7,5,1,1
662,溝状舌,4000,20,2.842,-12.957,38,62,5,18,20,20,18,11,8
663,炭酸ガスレーザー,4000,20,2.759,0.591,27,73,2,14,22,27,20,10,5
664,ラクリニック,4000,20,2.756,-44.823,11,89,1,28,31,21,12,5,2
665,ビューセン 歯磨き粉,4000,20,2.741,-1.922,13,87,2,24,24,22,20,6,2
666,えりか かけるん,4000,20,2.652,10.812,11,89,1,14,34,32,14,3,2
667,湘南美容 ボトックス,4000,20,2.644,20.972,11,89,1,27,34,25,8,3,2
668,鼻整形 ダウンタイム,4000,20,2.643,22.398,14,86,11,35,22,16,10,4,2
669,ダウンタイム 腫れ 早く,4000,20,2.631,30.189,16,84,4,18,22,25,21,7,3
670,お腹 脂肪吸引,4000,20,2.617,-79.169,23,77,1,23,32,27,11,4,2
671,七瀬春人,4000,20,2.605,-35.762,25,75,1,20,38,25,11,3,2
672,ハイコックス,4000,20,2.597,25.398,11,89,1,13,28,30,18,6,4
673,ビアンカ 紀田先生,4000,20,2.592,-102.922,9,91,1,6,19,32,27,10,5
674,フェイスリフト 名医,4000,20,2.581,-26.276,13,87,0,1,5,21,38,25,10
675,ボトックス ダウンタイム,4000,20,2.551,61.446,10,90,2,25,25,25,17,4,2
676,日本大学歯学部付属歯科病院,4000,20,2.551,-8.543,33,67,2,10,14,23,23,15,13
677,犬アレルギー 薬,4000,20,2.548,21.056,25,75,3,15,21,25,20,11,5
678,コンジローマ 症状 男,4000,20,2.532,129.678,57,43,3,27,25,21,15,6,3
679,過蓋咬合 子供,4000,20,2.529,0.034,12,88,1,6,41,37,8,4,3
680,保険適用 白い歯 2024,3900,20,2.839,-47.476,23,77,0,3,15,30,30,15,7
681,ホワイトエッセンス 店舗,3900,20,2.824,-27.616,19,81,1,13,15,19,30,17,5
682,湘南 シミ取り,3900,20,2.71,12.672,12,88,0,21,36,28,10,3,2
683,リビジョン リップ,3900,20,2.599,20.785,6,94,1,13,26,31,19,6,4
684,高須クリニック 大阪,3900,20,2.583,-132.059,18,82,3,9,11,22,28,17,10
685,鼻の毛穴 美容皮膚科,3900,20,2.572,-3.517,9,91,3,20,26,25,16,7,3
686,いいだ歯科クリニック,3900,20,2.534,-6.216,28,72,2,14,18,28,21,10,7
687,ジャルプロ,3900,20,2.5,62.838,9,91,1,6,21,34,26,9,3
688,つけば歯,3800,20,2.844,-3.282,39,61,1,5,8,17,25,23,21
689,銀座小町クリニック,3800,20,2.808,-8.855,8,92,0,5,21,35,27,9,3
690,歯が欠けた 前歯,3800,20,2.753,-0.013,32,68,4,7,19,29,24,11,6
691,韓国美容クリニック,3800,20,2.718,38.261,10,90,3,13,10,21,34,14,5
692,リテーナー 期間,3800,20,2.708,5.004,18,82,9,37,24,17,9,2,2
693,セルラム,3800,20,2.7,18.122,10,90,1,4,22,34,27,8,4
694,パーフォレーション,3800,20,2.658,-0.006,47,53,1,20,21,24,18,11,5
695,セラミック 保険適用,3800,20,2.648,-29.593,29,71,1,16,32,29,15,4,3
696,インプラント メンテナンス,3800,20,2.634,-16.925,39,61,1,4,15,25,29,19,7
697,curaprox,3800,20,2.595,-49.745,24,76,1,8,17,25,24,15,10
698,マウスピース 矯正,3800,20,2.576,4.783,32,68,4,16,29,27,16,5,3
699,オーデント 口コミ,3800,20,2.54,-62.546,12,88,5,12,23,29,22,7,2
700,エークリニック,3700,20,2.89,-24.779,10,90,3,38,25,17,10,4,3
701,エムズ歯科クリニック,3700,20,2.886,-20.987,34,66,2,12,17,22,23,15,9
702,ライブリークリニック,3700,20,2.884,115.716,10,90,3,35,25,15,15,5,2
703,ガラスフレンチ,3700,20,2.798,4.924,5,95,1,24,35,23,13,3,1
704,歯科衛生士 国家試験,3700,20,2.759,-77.254,26,74,6,27,15,20,20,7,5
705,生理終わりかけ におい,3700,20,2.742,-15.831,6,94,3,22,27,35,10,1,2
706,笑うと鼻が横に広がる,3700,20,2.741,-28.269,17,83,18,27,23,15,11,4,2
707,二の腕脂肪吸引,3700,20,2.697,6.534,5,95,3,39,26,18,10,3,1
708,mft トレーニング,3700,20,2.683,35.177,19,81,2,11,24,30,18,10,5
709,ファブリック 下澤,3700,20,2.652,-56.657,16,84,0,14,37,32,13,2,2
710,湘南美容外科 札幌,3700,20,2.634,60.571,18,82,6,21,24,25,16,5,3
711,荒木さやか,3700,20,2.526,6.187,18,82,1,5,46,35,6,3,4
712,人中短縮ボトックス,3600,20,2.886,83.01,9,91,2,16,22,27,24,6,3
713,デイリーpd,3600,20,2.712,-81.081,7,93,1,15,33,27,16,6,2
714,デュアルピール,3600,20,2.702,-1.088,9,91,2,13,22,34,21,6,2
715,ほうれい線 ヒアルロン酸 何cc,3600,20,2.687,-22.676,10,90,0,10,26,34,20,8,2
716,ブシュロン 時計,3600,20,2.629,40.327,24,76,0,11,25,25,18,13,8
717,ユースフルリップ,3600,20,2.613,10.123,7,93,2,17,28,28,16,6,3
718,ホワイトニング 大阪,3500,20,2.982,0.004,23,77,4,36,24,19,12,3,2
719,プライベートスキンクリニック,3500,20,2.961,57.579,10,90,3,29,22,20,18,6,2
720,レナトゥスクリニック 新宿,3500,20,2.934,-5.996,8,92,9,46,14,13,13,4,1
721,ハーフリンガル矯正,3500,20,2.914,6.535,21,79,6,37,22,17,13,3,2
722,前歯矯正 費用,3500,20,2.886,-17.737,26,74,8,24,17,22,20,6,3
723,ショッピングスレッド,3500,20,2.858,21.041,8,92,0,7,22,34,26,8,3
724,aスレッド,3500,20,2.827,123.638,10,90,0,21,37,24,12,4,2
725,マウスガード,3500,20,2.75,20.997,46,54,3,9,13,26,24,14,11
726,ソウメイブルー,3500,20,2.723,52.049,66,34,0,26,29,26,12,5,2
727,サブシジョン ダウンタイム,3500,20,2.706,7.426,34,66,2,30,32,22,9,3,2
728,ci メディカル,3400,20,2.981,29.756,45,55,0,4,17,29,25,15,10
729,レディアンスパ,3400,20,2.946,-2.32,47,53,2,38,33,16,8,2,1
730,ルフォー,3400,20,2.876,-77.415,19,81,6,27,25,18,14,6,4
731,シノワクリニック,3400,20,2.843,-10.583,10,90,0,6,18,29,30,13,4
732,ヒアルロン酸リフト,3400,20,2.826,22.633,13,87,0,2,12,33,36,13,4
733,ドルミーレデンタルオフィス表参道,3400,20,2.823,16.128,44,56,3,28,28,20,12,6,3
734,38ミリ コテ,3400,20,2.795,84.111,5,95,11,32,24,18,10,3,2
735,インビザライン矯正 費用,3400,20,2.772,-16.318,19,81,4,11,17,30,26,9,3
736,多形腺腫,3400,20,2.735,8.12,35,65,1,18,16,20,20,13,12
737,美肌注射 品川,3400,20,2.705,77.043,6,94,0,5,16,41,28,8,2
738,加藤クリニック麻布,3400,20,2.703,-33.363,12,88,2,14,19,27,22,10,6
739,ベビーコラーゲン 目の下 失敗,3400,20,2.679,84.999,8,92,1,3,13,30,36,13,4
740,歯科医師会,3400,20,2.661,-38.29,41,59,3,7,17,26,26,14,7
741,クマケアクリニック 大阪,3400,20,2.648,-81.296,15,85,1,7,15,32,30,10,5
742,ドクターエバーズ,3300,20,2.962,-67.933,6,94,2,28,26,19,16,6,3
743,抗原提示細胞,3300,20,2.946,2.293,36,64,11,51,9,12,10,5,2
744,コアトックス,3300,20,2.876,80.255,9,91,2,15,23,30,22,6,2
745,デンタルローン 金利,3300,20,2.869,23.846,35,65,1,18,23,30,18,7,3
746,韓国飛行機チケット,3300,20,2.788,-175.889,20,80,5,15,6,21,34,13,6
747,日比谷セントラルクリニック,3300,20,2.735,21.198,9,91,2,21,25,25,18,7,2
748,グッピー 求人,3300,20,2.67,-37.186,27,73,1,10,17,33,25,9,5
749,眉間ボトックス,3200,20,2.94,-5.647,10,90,2,18,26,28,18,6,2
750,オパールエッセンス 20%,3200,20,2.931,-5.161,25,75,1,18,30,24,16,8,3
751,バロニー 効果,3200,20,2.882,-15.629,44,56,8,19,16,23,21,9,4
752,鼻整形外科 上手い,3200,20,2.878,-1.931,14,86,12,23,13,19,20,9,4
753,ホワイトニングカフェ,3200,20,2.876,-2.5,24,76,5,26,26,22,14,5,2
754,ベリンダクリニック,3200,20,2.876,-7.68,19,81,3,26,27,21,14,6,3
755,下の歯 ガタガタ,3200,20,2.817,20.914,16,84,4,13,26,29,18,7,3
756,水光注射 リジュラン,3200,20,2.812,24.423,7,93,2,13,23,34,20,6,2
757,chanel スニーカー,3200,20,2.73,41.688,16,84,2,15,28,30,16,6,3
758,夏目こころ 旦那,3200,20,2.688,-24.688,19,81,1,10,35,32,15,5,2
759,マイアミ美容外科,3100,20,3.076,38.924,12,88,2,26,26,24,15,5,2
760,付け歯,3100,20,3.067,0.001,42,58,1,5,9,16,28,25,16
761,ジュビダームビスタ,3100,20,3.033,-44.417,13,87,2,10,19,29,25,11,4
762,脱感作とは,3100,20,2.944,60.6,32,68,2,31,13,19,18,10,7
763,ネイル資格,3100,20,2.893,45.486,17,83,5,25,23,22,17,5,3
764,歯根吸収,3100,20,2.877,33.248,17,83,3,22,25,25,16,6,3
765,リニアハイフ 効果,3100,20,2.877,-28.17,9,91,1,19,25,28,21,4,2
766,いちのせ形成外科皮膚科,3100,20,2.866,-45.131,13,87,2,10,9,17,29,25,8
767,インプラントオーバーデンチャー,3100,20,2.848,29.959,42,58,1,6,8,16,27,25,17
768,ルクスクリニック,3100,20,2.844,-43.009,12,88,1,5,17,32,28,14,3
769,前歯欠けた 治療法,3100,20,2.841,-0.074,34,66,4,16,19,27,23,8,3
770,ローマピンク 口コミ,3100,20,2.793,41.042,8,92,1,9,26,38,19,5,2
771,グラフ バタフライ,3100,20,2.78,-34.308,11,89,0,20,33,23,16,6,2
772,アンドクリニック,3100,20,2.755,79.7,13,87,2,11,23,30,24,8,2
773,ピコトーニング 効果出るまで,3100,20,2.75,50.241,7,93,1,6,19,36,27,9,2
774,天使かれん,3100,20,2.75,-73.677,22,78,2,21,39,24,9,3,2
775,ポーセレンとは,3000,20,3.158,54.149,28,72,1,10,8,17,27,21,16
776,ビスポーククリニック,3000,20,3.108,-57.962,15,85,3,11,16,22,26,16,6
777,ルシェロホワイト プレミアム,3000,20,3.022,-2.153,22,78,1,13,17,22,24,15,8
778,ルラクリニック 大阪,3000,20,3.006,4.978,7,93,4,43,24,16,9,3,1
779,cカールリップ,3000,20,2.905,-6.478,8,92,5,32,25,21,10,4,3
780,ハンター舌炎,3000,20,2.899,34.025,30,70,1,39,13,15,15,11,6
781,コンデンスリッチ,3000,20,2.825,-8.557,12,88,2,14,24,29,19,7,5
782,インプラント 前歯,3000,20,2.76,-6.797,39,61,2,7,15,28,27,16,5
783,テレスコープ義歯,2900,20,3.167,6.778,23,77,0,4,6,13,29,27,21
784,眉下リフト 経過,2900,20,2.952,-7.034,11,89,1,7,14,28,33,12,5
785,湘南 糸リフト,2900,20,2.92,-4.596,8,92,1,16,33,30,14,4,2
786,メーラーファット除去 後悔,2900,20,2.917,-44.315,10,90,5,32,28,17,12,4,2
787,レチノール ボディクリーム,2900,20,2.894,69.359,7,93,6,25,32,21,9,4,3
788,367004296,2900,20,2.886,4.548,7,93,0,3,13,26,30,19,9
789,オーロラクリニック,2900,20,2.844,36.527,11,89,1,17,26,27,18,7,4
790,ラッシュボックス,2900,20,2.817,14.229,10,90,1,20,38,31,8,1,1
791,品川美容外科クリニック ボトックス,2800,20,3.103,8.768,5,95,2,29,20,27,17,4,1
792,ホワイトニング デメリット,2800,20,3.101,15.933,32,68,6,27,28,19,12,6,2
793,フェイスリフト ダウンタイム,2800,20,3.066,58.732,11,89,0,3,10,27,37,18,5
794,歯列矯正 失敗例,2800,20,3.059,-14.586,20,80,6,26,24,21,14,6,3
795,カウニスクリニック,2800,20,3.051,-25.238,11,89,3,29,28,19,11,7,3
796,切開リフト ダウンタイム,2800,20,2.951,25.526,10,90,1,8,17,33,30,9,2
797,デルマトロン,2800,20,2.939,23.411,13,87,1,4,15,32,30,12,6
798,オフショル トップス,2800,20,2.915,-51.919,12,88,5,26,31,25,9,2,2
799,綺麗な歯並び 写真,2700,20,3.174,30.97,15,85,2,12,17,29,24,11,5
800,ザ六本木クリニック,2700,20,3.164,13.21,9,91,1,19,30,27,15,5,3
801,トランセンドホワイトニング,2700,20,3.123,43.932,22,78,0,8,23,32,24,9,4
802,ホテラバカラコン,2700,20,3.121,9.056,6,94,22,35,19,14,7,1,2
803,ヨシダ 歯科,2700,20,3.058,-51.919,64,36,1,5,12,23,27,21,11
804,マルベルクリニック東京,2700,20,3.002,-32.519,13,87,0,23,23,26,20,6,2
805,日本歯科医師会 eシステム,2700,20,2.981,-58.086,77,23,0,1,3,19,27,30,20
806,バニーライン,2700,20,2.978,4.871,12,88,1,14,29,30,18,5,3
807,アラジン美容クリニック,2700,20,2.963,-30.594,8,92,1,36,31,16,11,3,2
808,エラボトックス 失敗,2700,20,2.926,187.775,11,89,4,25,23,26,17,3,2
809,側頭筋 ボトックス,2700,20,2.926,-5.455,12,88,1,24,29,27,14,3,2
810,仮歯 値段,2700,20,2.897,0.772,33,67,1,8,19,21,25,15,11
811,ジョブメドレー 歯科衛生士,2600,20,3.243,38.61,15,85,0,20,23,29,17,8,3
812,黒毛舌 原因,2600,20,3.183,38.113,30,70,1,13,14,21,23,16,12
813,フィード 歯科,2600,20,3.178,-51.917,46,54,1,5,11,25,27,21,10
814,セレック,2600,20,3.131,-12.451,34,66,0,7,16,26,25,16,10
815,神経抜いた歯 寿命,2600,20,3.128,2.071,30,70,4,17,24,28,18,6,3
816,ひめか ホスラブ,2600,20,3.113,-55.3,8,92,1,18,50,23,5,2,1
817,グラッシュビスタ 通販,2600,20,2.987,30.947,5,95,1,8,19,23,24,18,7
818,ジュベルック 危険性,2600,20,2.928,53.374,9,91,1,10,19,34,25,7,4
819,セラミック 医療費控除,2600,20,2.924,39.578,29,71,0,11,33,31,17,5,3
820,チタニウムリフティング,2500,20,3.19,-71.993,4,96,1,11,21,29,27,8,3
821,縁下歯石,2500,20,3.174,-144.207,24,76,3,21,25,27,15,6,3
822,マックーム 効果,2500,20,3.165,-118.204,19,81,3,27,30,24,11,3,2
823,周術期口腔機能管理,2500,20,3.146,-8.141,36,64,0,14,13,26,24,14,9
824,あい歯科,2500,20,3.142,61.463,33,67,1,11,20,29,22,10,7
825,ホワイトニング 知覚過敏,2500,20,3.14,-0.006,22,78,3,32,32,18,9,4,2
826,デンタルショー 2025,2500,20,3.121,72.831,34,66,0,18,22,27,20,9,4
827,dmfとは,2500,20,3.071,31.338,58,42,6,34,11,14,17,11,7
828,歯肉退縮 治療,2500,20,3.033,13.976,24,76,1,14,21,21,20,12,11
829,セルフホワイトニングサロン,2500,20,3.03,-2.343,22,78,4,20,21,24,21,7,3
830,辻希美 歯,2500,20,2.973,12.011,11,89,0,7,32,38,16,5,2
831,芸能人 インプラント,2500,20,2.918,-31.127,35,65,1,7,22,34,24,9,3
832,ボトックス ほうれい線,2500,20,2.916,30.806,9,91,0,9,31,36,18,5,1
833,インピーダンス測定,2400,20,3.168,42.986,52,48,1,24,11,19,19,14,12
834,ミッドフェイスリフト,2400,20,3.131,-0.032,12,88,1,6,19,28,29,11,6
835,メシダ薬,2400,20,3.129,-33.323,8,92,4,36,33,17,8,2,0
836,脂肪溶解注射 鼻,2400,20,3.111,5.025,10,90,8,32,24,19,12,4,1
837,ボリューマ ヒアルロン酸,2400,20,3.011,34.424,9,91,1,12,20,30,25,9,3
838,歯式,2300,20,3.395,21.884,29,71,6,22,18,20,19,8,7
839,歯の形,2300,20,3.391,0.029,27,73,7,21,21,21,14,9,7
840,歯科用ct,2300,20,3.301,-4.467,39,61,1,10,14,22,20,16,17
841,ボツラックス アラガン 違い,2300,20,3.223,4.697,9,91,2,19,28,27,19,4,1
842,フェイスタイト,2300,20,3.191,-21.002,7,93,0,4,20,37,27,9,3
843,ワイズデンタルクリニック,2300,20,3.151,0.877,32,68,2,10,22,27,23,11,5
844,湘南美容外科 ポイント,2300,20,3.109,51.821,16,84,3,25,30,23,14,3,2
845,芸能人の歯はなぜきれい,2200,20,3.4,-0.005,19,81,0,2,6,16,28,28,20
846,グッピー 歯科医師,2200,20,3.373,9.589,45,55,0,8,27,31,19,11,4
847,ホームホワイトニング 食事,2200,20,3.313,6.678,17,83,1,23,28,22,17,6,3
848,セラミック 歯 寿命,2200,20,3.303,-0.075,25,75,4,9,20,27,25,11,4
849,フェアクリニック川口,2200,20,3.302,-62.374,27,73,1,12,16,23,27,15,6
850,インプラント 後悔,2200,20,3.185,-0.003,26,74,0,3,13,28,31,17,8
851,顎間ゴム,2200,20,3.183,-33.055,22,78,5,36,23,21,10,4,1
852,pj シャンパン,2200,20,3.164,-97.222,57,43,1,31,30,19,12,3,4
853,歯科衛生士 麻酔,2200,20,3.159,-59.026,37,63,1,12,22,30,19,13,3
854,アポツール ログイン,2200,20,3.148,-79.795,20,80,1,27,27,24,13,5,3
855,ルメッカ 間隔,2200,20,3.141,31.338,9,91,0,28,33,24,10,4,1
856,和田精密,2200,20,3.065,-74.535,60,40,2,7,15,26,25,16,9
857,むらつ歯科クリニック,2100,20,3.456,17.847,26,74,1,11,15,26,23,14,10
858,vビームレーザー,2100,20,3.43,-47.227,10,90,3,37,30,15,9,4,2
859,レスチレン ヒアルロン酸,2100,20,3.361,-39.415,8,92,1,14,22,29,22,8,4
860,マンジャロ ピル 併用,2100,20,3.355,74.606,7,93,2,48,31,15,3,1,0
861,アンカースクリュー 必要な人,2100,20,3.353,6.255,8,92,10,47,21,11,8,2,1
862,湘南皮膚科,2100,20,3.307,18.818,14,86,1,18,26,23,18,8,6
863,chanel ココハンドル,2100,20,3.29,68.306,10,90,2,22,26,24,17,6,3
864,ホワイトエッセンス ジェル,2100,20,3.28,-28.083,18,82,2,18,30,23,18,7,2
865,マンジャロ 安い,2100,20,3.274,73.204,14,86,2,26,26,25,15,4,2
866,歯が黄色い 生まれつき,2100,20,3.272,8.611,24,76,5,16,17,29,24,6,3
867,金属床義歯,2100,20,3.248,-19.46,41,59,0,7,10,19,24,20,20
868,ハイブリッドポリリンホワイトニング,2100,20,3.246,1.814,24,76,3,19,27,22,18,8,3
869,小鼻ボトックス 効果,2100,20,3.237,24.219,8,92,4,33,22,20,14,5,2
870,感染根管治療,2100,20,3.2,10.181,26,74,1,23,18,22,20,11,5
871,口角ボトックス デメリット,2100,20,3.182,-27.733,6,94,3,21,22,23,22,6,3
872,ヒアルロン酸 失敗,2000,20,3.532,86.909,9,91,1,8,18,33,29,9,2
873,インレー クラウン 違い,2000,20,3.514,6.074,30,70,0,15,20,25,23,12,5
874,すきっ歯 矯正 前歯だけ,2000,20,3.357,-0.002,28,72,11,13,16,30,20,7,3
875,120716480,2000,20,3.355,55.011,4,96,0,50,21,18,9,1,1
876,wsd 歯科,2000,20,3.334,52.845,15,85,1,33,21,21,16,7,1
877,ホワイトニング 効果 期間,2000,20,3.299,30.169,34,66,5,38,27,17,9,3,1
878,新橋歯科医科診療所,2000,20,3.283,3.307,28,72,0,6,9,19,31,20,15
879,sbc ハイフ,2000,20,3.232,47.916,10,90,0,15,28,30,17,6,4
880,マルチブラケット装置,2000,20,3.231,-48.715,11,89,6,28,17,28,16,2,3
881,ポリリンホワイトニング,2000,20,3.225,-0.13,20,80,2,20,24,24,16,8,6
882,キレイライン,2000,20,3.207,13.764,22,78,1,25,29,29,11,3,2
883,前歯ブリッジ,2000,20,3.201,-36.341,30,70,1,4,10,21,37,20,7
884,イリゲーションとは,1900,20,3.575,4.222,33,67,3,24,13,22,17,14,7
885,デュラシール,1900,20,3.545,-55.495,26,74,0,34,23,23,14,4,2
886,レディエッセ,1900,20,3.491,-0.005,10,90,1,8,21,30,24,12,4
887,ポテンツァ マックーム,1900,20,3.467,-45.776,20,80,1,25,37,24,8,2,3
888,スポンゼル 歯科,1900,20,3.462,-24.219,26,74,1,20,15,23,23,14,4
889,セラミックとは 歯,1900,20,3.414,-0.256,25,75,12,37,21,14,10,4,2
890,成田デンタル,1900,20,3.265,-15.03,54,46,0,10,17,26,20,15,12
891,矯正歯科学会 認定医,1900,20,3.252,18.479,16,84,1,17,22,29,22,4,5
892,矮小歯 歯,1800,20,3.629,70.999,18,82,3,22,22,27,15,7,4
893,麻布デンタルアカデミー,1800,20,3.574,-60.402,56,44,2,29,19,12,18,15,5
894,クリアコレクト,1800,20,3.476,-7.407,32,68,2,14,23,30,22,6,3
895,perico 歯科,1800,20,3.436,14.008,23,77,1,27,22,18,19,9,4
896,1d 歯科,1800,20,3.432,-14.836,61,39,1,11,30,32,16,6,4
897,ネイルテーブル,1800,20,3.391,-74.353,14,86,1,12,32,29,18,5,3
898,セラミック 歯 保険適用,1800,20,3.364,6.311,30,70,0,7,18,27,30,14,4
899,cad cam冠,1800,20,3.361,-3.843,35,65,0,8,16,29,28,13,6
900,クリニーク心斎橋,1800,20,3.355,42.339,13,87,3,29,27,22,13,5,1
901,若槻千夏 歯,1800,20,3.327,1.573,20,80,0,7,27,41,19,4,2
902,インビザラインgo,1800,20,3.31,1.911,24,76,1,22,28,26,16,5,2
903,セラミック歯,1800,20,3.307,-0.019,36,64,2,10,12,23,29,16,8
904,クラウン 歯,1800,20,3.293,-0.174,29,71,3,13,24,27,21,8,4
905,セラミック 口臭,1700,20,3.72,0.001,21,79,6,28,35,19,8,2,2
906,クオキャリア歯科衛生士,1700,20,3.681,-42.088,16,84,2,38,17,21,15,5,2
907,ししき 歯科,1700,20,3.642,-60.889,15,85,1,27,22,25,15,7,3
908,bop 歯科,1700,20,3.571,-21.211,25,75,2,21,16,20,19,13,9
909,前歯 すきっ歯,1700,20,3.553,-0.005,27,73,4,15,29,33,13,4,2
910,デンタルローン 審査,1700,20,3.53,67.061,26,74,1,20,31,26,15,5,2
911,オンダリフト 東京,1700,20,3.467,33.625,4,96,4,33,28,17,12,4,2
912,リップアート 値段,1700,20,3.467,-6.957,9,91,3,27,23,20,17,7,3
913,歯科医師国保 産休,1700,20,3.454,16.959,16,84,0,34,36,12,9,5,4
914,前歯 インプラント,1700,20,3.451,0.304,34,66,2,9,22,28,24,12,3
915,浸潤麻酔,1700,20,3.437,-59.59,30,70,4,31,18,20,13,8,6
916,歯の色がグレー,1700,20,3.405,-0.004,17,83,2,7,15,22,33,14,7
917,接着ブリッジとは,1700,20,3.366,-29.952,24,76,1,7,14,25,29,16,8
918,歯科衛生士国家試験 2025,1600,20,3.714,36.472,20,80,5,34,10,16,23,9,3
919,クラウンレングスニング,1600,20,3.653,78.843,32,68,1,16,25,28,18,10,2
920,二次カリエス,1600,20,3.627,-21.927,33,67,3,20,20,26,19,8,4
921,ジルコニアインレー,1600,20,3.575,16.036,34,66,1,12,20,30,22,9,6
922,インプラント 流れ,1600,20,3.566,-15.176,27,73,0,9,23,28,23,11,6
923,bjクリニック,1600,20,3.546,25.743,9,91,2,33,24,17,12,7,5
924,シランカップリング剤,1600,20,3.532,21.991,63,37,3,30,16,17,17,10,7
925,デンタルエステ,1600,20,3.515,47.093,18,82,0,10,21,29,25,10,5
926,即時義歯,1600,20,3.477,1.387,30,70,1,13,12,19,28,20,7
927,マウスピース矯正 飲み物,1600,20,3.467,-0.545,16,84,2,28,26,26,14,3,1
928,ディノベート,1600,20,3.465,102.863,19,81,13,14,19,26,20,6,2
929,あい歯科 長堀橋,1500,20,3.754,0.022,27,73,2,10,24,27,23,10,4
930,ニコルスキー現象,1500,20,3.696,50.521,35,65,1,46,15,14,13,6,5
931,前歯 神経抜いた後,1500,20,3.649,-0.02,22,78,3,14,29,34,16,3,1
932,クインテッセンス出版,1500,20,3.64,-15.9,56,44,1,7,11,27,27,19,8
933,歯肉切除術,1500,20,3.619,-18.299,15,85,4,38,23,15,13,6,1
934,ハニックdc 口コミ,1500,20,3.582,1.055,15,85,0,5,11,25,36,19,4
935,キュレットスケーラー,1500,20,3.542,-35.158,10,90,1,35,18,22,17,5,2
936,キャビトン 歯科,1500,20,3.536,-52.072,21,79,2,37,15,21,14,7,4
937,クオキャリア,1500,20,3.508,-98.676,34,66,1,34,21,21,13,6,4
938,ホワイトニングカフェ 店舗,1500,20,3.507,-40.502,31,69,1,10,17,27,29,13,3
939,セラミック 芸能人,1400,20,3.886,0.591,15,85,5,27,37,20,7,2,2
940,シタネスト,1400,20,3.821,-18.974,39,61,1,21,20,24,19,10,5
941,アソアライナー,1400,20,3.758,26.18,27,73,2,15,23,34,17,7,2
942,セラミック矯正とは,1400,20,3.657,-3.604,21,79,11,23,21,18,16,9,2
943,人中短縮 切らない,1400,20,3.649,36.096,8,92,2,20,28,22,21,6,1
944,歯式 記号 一覧,1400,20,3.622,8.42,22,78,4,25,16,21,20,9,5
945,ドクターブックアカデミー,1400,20,3.592,-63.878,60,40,0,7,27,35,21,7,3
946,デンタリード,1400,20,3.573,-57.289,65,35,0,3,12,29,31,18,7
947,デンタルアートメイク,1400,20,3.456,30.751,10,90,0,7,31,39,17,4,2
948,リガフェーデ病,1300,20,3.984,-2.498,22,78,3,46,18,13,10,7,3
949,瘻孔 歯科,1300,20,3.94,-20.056,27,73,3,27,14,19,19,11,7
950,サクソンテスト,1300,20,3.906,5.406,27,73,2,39,16,14,16,8,5
951,歯を綺麗にする方法,1300,20,3.884,-0.001,40,60,13,21,18,19,18,7,4
952,オステムジャパン,1300,20,3.874,11.481,71,29,1,7,15,27,27,15,8
953,emr 歯科,1300,20,3.865,-78.869,22,78,1,33,17,20,15,8,6
954,カーバイドバー 歯科,1300,20,3.827,-21.033,23,77,1,46,15,15,13,7,3
955,バイオネーター,1300,20,3.737,11.053,19,81,3,28,17,36,11,2,3
956,ミニッシュ,1300,20,3.726,120.224,23,77,1,15,25,29,17,8,5
957,歯医者 ホワイトニング 効果,1300,20,3.677,-0.563,23,77,4,22,27,22,16,6,3
958,オフィスホワイトニング 効果,1300,20,3.66,-12.129,21,79,1,24,28,25,13,7,2
959,唇顎口蓋裂,1300,20,3.66,-52.922,30,70,5,28,22,20,15,8,2
960,mtm 歯科,1300,20,3.653,3.45,21,79,2,26,24,27,14,5,2
961,歯牙移植,1300,20,3.597,1.965,36,64,1,10,19,30,24,11,5
962,116515ln,1300,20,3.48,-6.793,94,6,0,5,25,36,22,8,4
963,シェードガイド,1200,20,4.033,18.42,29,71,3,32,26,20,12,4,3
964,歯科疾患実態調査,1200,20,4.027,11.754,32,68,2,36,12,18,14,11,7
965,シャーピー線維,1200,20,4.009,21.742,33,67,18,48,10,11,7,4,2
966,ガッタパーチャポイント,1200,20,4.002,-24.983,22,78,3,56,11,11,10,5,4
967,神経抜いた歯 白くする,1200,20,3.981,0.003,23,77,5,14,29,30,17,3,2
968,ピーソーリーマー 歯科,1200,20,3.972,-16.177,12,88,1,35,16,26,15,5,2
969,セラミッククラウン 値段,1200,20,3.967,0.002,33,67,2,10,14,23,27,15,9
970,フッ素症,1200,20,3.912,-5.929,17,83,2,23,34,25,9,5,2
971,ティッシュコンディショナー,1200,20,3.86,-30.145,31,69,0,29,19,18,16,10,8
972,舌下小丘,1200,20,3.858,72.97,26,74,7,31,19,18,15,8,2
973,唇ヒアルロン酸 持ち,1200,20,3.813,31.764,4,96,7,30,19,22,16,5,1
974,えいひ 歯科,1200,20,3.802,12.942,14,86,3,46,20,16,10,3,2
975,cad/cam冠 保険適用,1200,20,3.736,5.75,47,53,1,6,15,21,27,21,9
976,接着性ブリッジ,1200,20,3.72,-26.179,38,62,1,9,15,28,27,14,6
977,前歯セラミック値段,1200,20,3.717,20.101,23,77,2,9,12,25,31,14,7
978,mta 歯科,1200,20,3.681,-16.65,32,68,1,16,18,27,21,10,7
979,emax 歯科,1100,20,4.094,30.274,37,63,2,15,18,27,23,11,4
980,歯科衛生士 志望動機,1100,20,4.053,-12.023,7,93,16,38,19,18,7,2,0
981,カーボランダムポイント 歯科,1100,20,4.035,2.502,22,78,3,54,14,15,8,4,2
982,セラミックとジルコニア違い,1100,20,3.974,13.404,20,80,2,9,11,18,29,21,10
983,パラタルバー,1100,20,3.874,14.162,23,77,7,30,18,19,18,6,2
984,edta 歯科,1100,20,3.851,-16.834,21,79,2,39,19,20,12,6,2
985,ファイバーポスト 歯科,1100,20,3.843,-3.532,30,70,1,27,13,20,19,13,7
986,リーマー 歯科,1100,20,3.833,-32.862,15,85,4,34,17,21,16,5,3
987,srp やり方,1100,20,3.832,-1.529,16,84,2,15,18,24,23,13,5
988,ハイブリッドインレー,1100,20,3.825,-0.001,26,74,1,15,26,28,18,8,4
989,ティースアート,1100,20,3.821,-3.001,17,83,1,13,21,28,23,10,4
990,アングルワイダー,1100,20,3.765,59.497,27,73,3,28,24,22,14,6,3
991,グレーシーキュレット,1000,20,4.211,-0.921,17,83,2,39,17,18,13,8,3
992,スティップリング,1000,20,4.191,-19.969,24,76,11,39,18,15,12,4,1
993,エプーリス 歯科,1000,20,4.176,-44.133,22,78,1,21,13,20,20,13,12
994,口角こう 歯科,1000,20,4.176,-65.674,10,90,3,44,19,18,12,3,1
995,歯 ラミネート,1000,20,4.164,-0.069,20,80,4,12,24,27,20,7,6
996,ベースセメント 歯科,1000,20,4.062,-81.652,18,82,0,40,21,21,13,4,1
997,cad冠,1000,20,3.979,0.005,33,67,1,16,18,29,23,9,4
998,シュアスマイル 矯正,1000,20,3.957,52.214,28,72,1,19,23,32,18,5,2
999,バイオス 歯科,1000,20,3.938,-62.264,61,39,1,11,22,26,21,11,8
1000,per 歯科,1000,20,3.921,-56.277,17,83,1,37,27,18,12,3,2
