順位,キーワード,検索ボリューム(人),重複ボリューム(人),特徴度,検索時間差(日),男性割合(%),女性割合(%),10代（13歳〜）割合(%),20代割合(%),30代割合(%),40代割合(%),50代割合(%),60代割合(%),70代以上割合(%)
1,子育て,1046000,470,1.742,-22.973,24,76,1,3,14,26,23,17,16
2,ファッション,595000,300,1.856,-23.211,35,65,1,2,9,24,27,19,18
3,統合失調症,560000,240,1.706,-32.084,33,67,3,10,14,22,24,15,12
4,自動車,688000,230,1.418,-33.479,57,43,1,3,10,21,26,20,19
5,アナウンサーキャスター,400000,190,1.797,-20.6,41,59,1,3,10,21,26,20,19
6,大阪府,445000,170,1.571,-26.056,44,56,1,4,10,20,24,20,21
7,性犯罪,240000,120,1.801,-45.122,43,57,1,4,12,24,26,17,16
8,た。,316000,110,1.574,-66.826,35,65,1,2,5,14,24,24,30
9,ドナルドトランプ,325000,110,1.476,-45.768,63,37,2,4,9,17,22,20,26
10,うつ病,104000,90,2.397,-19.841,37,63,5,12,14,22,22,14,11
11,万博(国際博覧会),155000,90,1.975,-55.952,41,59,1,3,10,21,25,21,19
12,介護,188000,90,1.904,-24.8,31,69,1,2,6,15,26,24,26
13,社長,192000,90,1.757,-19.788,46,54,1,4,11,22,25,18,19
14,麻薬覚せい剤問題,83300,80,2.48,-25.939,45,55,1,4,12,28,26,15,14
15,精神障害者保健福祉手帳,123000,80,2.13,-20.521,29,71,1,7,14,26,28,15,9
16,殺人事件,142000,80,2.032,-31.671,37,63,3,6,12,23,24,17,15
17,睡眠導入剤,171000,80,1.817,-22.389,40,60,1,5,8,16,24,22,24
18,東京大学,184000,80,1.673,-26.87,47,53,8,5,7,19,25,17,19
19,関連,232000,80,1.541,-105.726,36,64,1,5,9,17,23,21,24
20,ロシア,257000,80,1.427,-22.737,62,38,3,5,10,17,19,18,28
21,生活保護 条件,237000,80,1.419,-26.567,31,69,1,8,13,19,27,18,14
22,た,257000,80,1.398,-96.423,42,58,5,7,10,16,21,19,22
23,自殺問題,65900,70,2.55,-22.859,28,72,1,4,12,24,25,17,17
24,暴力事件,100000,70,2.193,-35.028,36,64,1,3,11,25,25,17,18
25,統合失調症 話し方 特徴,98000,70,2.144,-36.779,23,77,2,5,10,23,29,18,13
26,掃除,113000,70,2.071,-40.941,21,79,1,1,6,16,26,24,26
27,京都府,155000,70,1.744,-37.589,46,54,1,4,9,19,23,20,24
28,グループホーム,209000,70,1.533,-52.573,35,65,1,4,6,16,29,26,18
29,闇バイト,202000,70,1.491,-20.351,61,39,5,10,15,20,21,15,14
30,生活保護,195000,70,1.425,-63.934,61,39,1,6,11,21,25,20,16
31,サプライズ,65000,60,2.412,-27.538,38,62,2,5,12,21,23,18,19
32,天才,70000,60,2.403,-33.11,41,59,2,4,12,23,22,17,20
33,大阪府の事件事故情報,83100,60,2.205,-39.381,42,58,1,5,14,25,24,16,15
34,解離性障害,79500,60,2.184,-27.97,28,72,4,13,17,23,23,13,7
35,生活習慣病,90800,60,2.161,-21.306,30,70,6,6,9,18,24,18,19
36,北海道の事件事故情報,95800,60,2.012,-20.863,37,63,1,4,13,25,24,17,16
37,進撃のグルメ(クリエイター),95200,60,1.977,-20.831,47,53,2,6,15,26,26,15,10
38,米国の輸入制限を巡る動き,127000,60,1.815,-57.097,69,31,1,2,8,18,22,21,28
39,田代まさし,149000,60,1.61,-27.817,56,44,3,8,14,25,24,16,10
40,承認欲求とは,167000,60,1.457,-162.209,39,61,5,7,12,23,28,16,9
41,大の里 泰輝,42600,50,2.683,-19.109,54,46,1,1,4,10,16,23,45
42,逃走脱走,49700,50,2.482,-25.499,44,56,1,5,13,24,24,16,17
43,フルニトラゼパム,57900,50,2.479,-56.815,36,64,1,12,16,23,24,15,9
44,オランザピン,61700,50,2.278,-36.886,32,68,1,13,15,24,24,14,9
45,医師,72500,50,2.191,-44.157,32,68,1,4,10,20,22,19,24
46,インタビュー,74000,50,2.189,-22.146,40,60,1,3,10,20,24,20,22
47,値上げ,84700,50,2.039,-19.913,50,50,1,5,15,25,25,15,14
48,ファッションチェック,81800,50,2.011,-49.103,21,79,1,2,8,24,27,20,18
49,睡眠障害,98000,50,1.9,-37.813,36,64,4,10,12,20,25,15,14
50,障害者,99100,50,1.795,-45.069,48,52,2,3,5,12,26,29,23
51,もっと,119000,50,1.765,-59.624,38,62,2,2,6,20,29,21,20
52,自殺,117000,50,1.725,-45.081,51,49,10,14,19,23,19,9,6
53,カフェイン,109000,50,1.701,-22.124,45,55,4,7,12,20,24,18,15
54,高次脳機能障害,111000,50,1.686,-29.878,31,69,2,10,13,21,24,17,13
55,自己愛性パーソナリティー障害,106000,50,1.679,-44.603,21,79,2,11,20,28,23,11,5
56,戻る,122000,50,1.64,-48.57,37,63,1,3,5,13,24,25,29
57,ミニマリスト,132000,50,1.632,-24.474,32,68,3,7,12,22,25,17,14
58,境界性パーソナリティ障害,119000,50,1.61,-48.798,22,78,5,19,19,22,20,10,5
59,パーソナリティ障害,133000,50,1.591,-92.951,22,78,3,11,16,24,25,14,7
60,医療保険,156000,50,1.508,-50.215,41,59,1,5,10,18,25,22,19
61,megumi,136000,50,1.497,-31.127,55,45,2,10,17,25,23,13,10
62,不安障害,164000,50,1.424,-56.795,27,73,7,16,18,24,21,9,5
63,鳥取県,164000,50,1.397,-44.41,59,41,1,3,6,14,21,26,29
64,農林水産省,160000,50,1.35,-24.286,58,42,2,5,8,18,23,21,23
65,ランソプラゾール,188000,50,1.318,-30.286,32,68,1,9,10,17,23,20,20
66,占い 無料,188000,50,1.317,-20.891,18,82,7,15,12,21,27,12,6
67,mdma,20500,40,3.287,-19.195,58,42,12,27,19,19,13,6,4
68,シンプリストうた(クリエイター),22100,40,3.221,-32.564,10,90,0,1,4,13,25,28,29
69,入園入学式,40300,40,2.524,-34.595,27,73,1,3,11,25,24,17,19
70,精神科,46700,40,2.511,-22.713,39,61,10,17,14,17,18,14,10
71,変死事件,44800,40,2.479,-75.595,31,69,1,4,14,25,24,16,16
72,子どもをめぐる課題,48100,40,2.445,-28.849,23,77,1,3,16,28,22,15,15
73,高齢化社会,42100,40,2.429,-69.893,30,70,2,3,6,13,21,25,30
74,精神安定剤,42900,40,2.42,-33.372,42,58,4,11,13,19,21,16,16
75,アカシジアとは,62000,40,2.102,-75.306,25,75,3,13,14,23,26,14,7
76,ジアゼパム,58000,40,2.085,-62.03,31,69,1,15,15,22,23,14,10
77,バルプロ酸ナトリウム,63100,40,2.072,-30.316,28,72,1,12,16,25,25,14,7
78,愛知県の事件事故情報,72300,40,1.974,-23.836,39,61,1,5,15,25,25,15,14
79,エビリファイ,73200,40,1.949,-93.869,29,71,2,10,16,29,24,13,6
80,公認心理師,71200,40,1.949,-26.373,31,69,6,9,14,27,25,12,7
81,人権,69900,40,1.902,-37.518,43,57,2,4,9,22,24,19,20
82,レキサルティ,85700,40,1.85,-24.45,32,68,1,10,15,25,26,15,8
83,政局,97800,40,1.763,-46.989,66,34,1,4,9,17,21,20,28
84,法テラス,101000,40,1.732,-38.33,49,51,2,8,15,22,24,16,13
85,行方不明,94200,40,1.723,-28.337,36,64,3,5,14,25,24,15,14
86,シカゴカブス,86500,40,1.711,-57.886,67,33,1,5,10,15,21,21,27
87,記事,100000,40,1.573,-97.754,38,62,1,1,4,14,25,24,31
88,発達障害,116000,40,1.525,-43.814,31,69,3,7,16,26,22,14,12
89,ギフテッドとは 意味,102000,40,1.522,-133.876,25,75,2,5,10,19,24,23,17
90,眠れない,108000,40,1.504,-47.188,24,76,4,9,17,25,23,13,9
91,長崎県,123000,40,1.463,-35.177,46,54,2,4,10,19,22,20,23
92,レジリエンスとは,112000,40,1.437,-24.583,50,50,2,8,8,18,25,20,19
93,声優,136000,40,1.429,-30.969,39,61,5,7,13,22,23,16,14
94,続き,117000,40,1.405,-44.11,39,61,1,3,8,19,26,22,21
95,熊本県,140000,40,1.385,-23.142,48,52,1,4,9,18,22,21,25
96,ます。,149000,40,1.374,-60.835,33,67,2,3,6,13,22,24,30
97,閉経前の生理の特徴,108000,40,1.357,-53.092,9,91,1,1,4,47,44,1,2
98,ピアノ,155000,40,1.351,-57.619,33,67,9,6,12,21,16,15,21
99,レビー小体型認知症,129000,40,1.338,-28.516,27,73,1,7,9,17,27,21,18
100,吐き気 原因,125000,40,1.332,-46.052,26,74,4,12,14,22,24,13,11
101,創価学会とは,127000,40,1.316,-112.92,45,55,7,14,13,16,18,16,16
102,する,156000,40,1.308,-95.837,41,59,2,4,6,14,22,22,30
103,当帰芍薬散,153000,40,1.3,-37.568,16,84,1,7,15,26,26,13,12
104,映画監督,25000,30,2.86,-19.008,38,62,2,5,6,15,22,22,28
105,マミ(クリエイター),28800,30,2.806,-38.774,14,86,0,1,4,11,24,27,33
106,訪日外国人旅行,24200,30,2.697,-27.729,44,56,1,2,8,18,24,21,26
107,流行ブーム,33700,30,2.563,-51.458,42,58,1,3,10,24,26,18,18
108,高英起,29300,30,2.525,-55.484,59,41,1,3,6,14,19,21,36
109,パキシル,32600,30,2.465,-19.147,35,65,1,9,14,24,25,16,11
110,新潟県の事件事故情報,32700,30,2.453,-31.667,41,59,1,4,12,25,24,17,17
111,ミルタザピン錠15mg,36300,30,2.396,-19.452,31,69,1,4,6,21,30,21,17
112,エスゾピクロン1mg,34700,30,2.345,-34.855,30,70,1,5,7,14,23,22,28
113,イスラエル国,33600,30,2.33,-19.225,67,33,1,4,7,17,21,21,29
114,新入学,34900,30,2.306,-77.499,25,75,2,3,11,26,24,15,19
115,ハプニング,34100,30,2.305,-34.337,43,57,1,4,9,17,20,21,28
116,葉物野菜,45700,30,2.294,-23.182,28,72,0,3,8,15,20,21,33
117,イメージチェンジ,38700,30,2.238,-58.702,31,69,1,3,13,25,26,17,15
118,いる。,51200,30,2.176,-168.423,37,63,1,2,4,12,22,24,35
119,時代劇,39100,30,2.174,-54.916,33,67,1,3,6,12,21,24,33
120,サイレース,50400,30,2.171,-22.443,40,60,3,14,17,22,21,13,10
121,デュロキセチンカプセル20mg,51200,30,2.157,-51.261,30,70,1,4,7,16,28,23,21
122,終活,51000,30,2.079,-43.713,35,65,1,4,8,15,23,22,27
123,コーヒーソムリエkazu(クリエイター),41900,30,2.037,-57.127,13,87,1,3,12,23,30,19,12
124,訪問看護ステーションとは,48000,30,2.028,-50.579,30,70,1,6,10,23,29,19,12
125,抗議,54100,30,1.992,-21.694,53,47,2,5,10,19,22,19,23
126,富裕層,47800,30,1.984,-26.911,47,53,1,3,8,19,25,23,21
127,うつ病 治し方,48200,30,1.965,-55.754,39,61,4,11,14,22,25,14,10
128,福岡県の事件事故情報,53600,30,1.948,-19.283,39,61,1,5,16,26,24,15,13
129,jpop,47100,30,1.938,-53.655,41,59,5,6,9,21,24,18,17
130,埼玉県の事件事故情報,59400,30,1.933,-35.553,39,61,1,5,13,24,24,17,16
131,演歌,54400,30,1.919,-44.418,50,50,2,3,4,10,14,16,51
132,芸能人の結婚,60400,30,1.866,-31.828,32,68,2,5,15,25,23,15,15
133,難聴,61800,30,1.848,-23.202,37,63,2,4,8,17,23,21,25
134,綾瀬はるか 結婚,56000,30,1.847,-24.288,43,57,2,7,11,14,18,22,26
135,毒親,62000,30,1.846,-29.646,29,71,5,9,15,23,24,13,11
136,リボトリール,59800,30,1.811,-74.586,33,67,1,10,14,23,24,16,12
137,東京都のスポーツ,59500,30,1.807,-50.658,77,23,2,7,15,23,23,15,15
138,adhd 症状,59100,30,1.79,-31.359,32,68,8,13,13,22,22,13,9
139,クロチアゼパム錠5mg,68400,30,1.778,-20.027,26,74,1,7,11,20,26,18,17
140,手のひら かゆい,69000,30,1.746,-117.448,25,75,2,7,13,23,26,17,12
141,一人暮らし,78600,30,1.732,-28.303,34,66,6,17,10,15,27,14,11
142,エチゾラム錠0.5mg,64900,30,1.727,-130.388,33,67,1,4,6,13,22,24,30
143,大豆 レシピ,76800,30,1.717,-40.799,17,83,1,2,8,16,22,22,29
144,米子市,66700,30,1.661,-72.472,52,48,2,4,9,17,22,23,23
145,ヨガ,83800,30,1.62,-115.859,28,72,2,6,11,23,26,16,16
146,厚労省,74100,30,1.613,-59.031,48,52,1,4,8,18,26,23,20
147,強度行動障害,85100,30,1.597,-103.309,23,77,1,7,18,29,25,13,7
148,仕事ができない人 特徴,64900,30,1.574,-38.56,34,66,1,10,17,31,28,10,3
149,です,80700,30,1.558,-83.051,37,63,3,3,5,14,23,22,30
150,躁鬱病,75000,30,1.558,-60.235,35,65,7,17,16,19,19,13,9
151,顔のたるみ解消,73400,30,1.532,-57.317,17,83,1,2,7,25,34,21,10
152,節約,76700,30,1.531,-37.913,26,74,1,4,12,23,23,18,19
153,銀行振込手数料,98400,30,1.522,-36.666,38,62,2,4,5,12,22,24,31
154,脳神経内科,78400,30,1.522,-26.781,32,68,1,5,7,21,26,19,21
155,俯瞰,77800,30,1.512,-86.558,42,58,5,8,12,19,23,17,16
156,エスゾピクロン,77600,30,1.49,-61.825,33,67,1,12,15,22,24,14,12
157,どうすればよかったか 映画,88100,30,1.479,-56.283,23,77,1,7,13,25,29,17,8
158,グラビアアイドル,96300,30,1.477,-41.029,73,27,4,7,16,25,25,13,10
159,ヘアスタイル,84500,30,1.476,-48.381,18,82,1,4,13,24,27,17,14
160,お腹が痛い,99300,30,1.467,-53.961,30,70,6,7,10,21,25,17,14
161,共有,79400,30,1.455,-35.636,41,59,9,5,8,18,21,19,20
162,仕事探し,95600,30,1.443,-41.077,34,66,2,10,12,22,28,17,9
163,自己破産後の生活,86000,30,1.425,-69.733,44,56,1,11,17,22,24,15,10
164,股関節の痛み,95500,30,1.42,-41.611,27,73,3,4,7,18,27,21,20
165,カスタマーハラスメント,92200,30,1.407,-39.876,48,52,1,4,9,18,25,20,23
166,大阪関西万博(2025年日本国際博覧会),88200,30,1.394,-55.847,41,59,1,3,8,19,25,22,22
167,簡単レシピ,83800,30,1.392,-40.881,28,72,3,7,8,18,25,22,17
168,加味逍遥散,104000,30,1.382,-67.68,13,87,1,5,12,31,35,10,6
169,卒業式,108000,30,1.379,-77.953,31,69,4,5,10,31,26,12,12
170,そう鬱 症状,86600,30,1.378,-20.586,33,67,5,20,19,22,20,8,6
171,三毛猫,85300,30,1.374,-162.917,42,58,5,10,17,24,22,13,9
172,たけのこ 保存,107000,30,1.373,-44.848,19,81,0,2,7,14,24,25,28
173,gackt,110000,30,1.369,-40.667,47,53,4,9,17,23,23,13,11
174,臨床心理士,98800,30,1.358,-31.642,31,69,7,8,14,27,24,12,8
175,吐き気 抑える方法,109000,30,1.345,-66.719,24,76,12,19,18,21,17,8,5
176,夏川りみ,96600,30,1.345,-40.607,54,46,1,5,7,14,20,23,30
177,歌舞伎症候群,111000,30,1.339,-162.808,14,86,2,6,17,31,25,13,6
178,尼崎市,104000,30,1.336,-56.741,48,52,2,4,7,13,23,25,26
179,スキマ時間 バイト,106000,30,1.333,-184.057,30,70,1,5,9,26,31,19,9
180,伊丹十三,89200,30,1.32,-29.968,43,57,1,3,6,17,26,23,24
181,フォシーガ,105000,30,1.314,-54.161,35,65,1,9,13,23,25,16,13
182,ピーターパン症候群,98100,30,1.306,-180.407,26,74,5,13,16,26,23,11,6
183,少年犯罪と少年法,9200,20,3.425,-26.994,36,64,1,4,11,28,26,16,14
184,デイビッドベッカム,12200,20,3.051,-38.916,33,67,3,6,10,24,23,16,18
185,ブロン,12800,20,2.968,-20.335,40,60,9,12,14,22,21,13,9
186,国立精神神経医療研究センター,13600,20,2.893,-55.691,36,64,1,8,12,23,25,18,13
187,少年院,16000,20,2.837,-38.339,48,52,13,13,17,26,17,8,6
188,コカイン,14200,20,2.833,-33.486,65,35,6,19,23,23,15,8,6
189,コルサコフ症候群,15100,20,2.82,-21.665,34,66,2,22,13,18,21,15,9
190,高学歴,15100,20,2.792,-62.271,41,59,2,4,7,21,28,18,20
191,篠原修司,14600,20,2.789,-19.876,51,49,2,5,12,24,25,16,16
192,"kōki,",16700,20,2.756,-22.955,18,82,1,3,7,18,30,21,20
193,統合失調症 寿命,16000,20,2.755,-45.433,26,74,2,4,10,19,28,21,16
194,心的外傷(トラウマ),20500,20,2.62,-23.016,35,65,1,3,12,26,26,17,15
195,車の雑学,22700,20,2.607,-19.909,59,41,1,2,7,18,27,23,22
196,マネープラン,23500,20,2.517,-26.394,26,74,0,2,6,21,35,24,12
197,目の下のクマ 原因,25200,20,2.513,-49.741,32,68,1,6,11,25,27,18,12
198,医療的ケア児,23500,20,2.505,-24.558,24,76,2,9,18,27,23,13,8
199,クエチアピン 効果,26200,20,2.503,-56.399,26,74,1,9,11,21,28,20,10
200,食品への異物混入,24900,20,2.497,-88.723,41,59,2,6,15,26,24,14,13
201,生活保護制度,22300,20,2.478,-24.05,37,63,1,3,6,15,24,24,27
202,双極性障害 接し方,21000,20,2.456,-57.874,26,74,2,6,10,21,32,19,10
203,オランザピン 効果,21500,20,2.433,-40.091,27,73,1,9,11,21,28,18,12
204,死体遺棄事件,22900,20,2.431,-74.772,34,66,1,5,14,24,25,17,14
205,過食嘔吐,22300,20,2.418,-31.691,17,83,10,21,20,26,16,4,3
206,脳性麻痺,22200,20,2.418,-24.587,24,76,2,13,19,23,19,13,11
207,東京都品川区,24000,20,2.408,-26.16,38,62,1,3,10,23,28,18,17
208,客室乗務員,25200,20,2.392,-71.268,39,61,4,8,11,20,24,17,16
209,レキソタン,28500,20,2.386,-60.03,34,66,2,9,15,24,25,15,10
210,ピン芸人,23000,20,2.339,-54.75,50,50,2,7,12,23,26,14,16
211,介護職,25900,20,2.329,-51.137,30,70,1,5,9,22,31,19,13
212,ドーピング,32400,20,2.285,-70.691,49,51,5,9,14,23,21,14,14
213,史上初,25600,20,2.234,-21.738,68,32,2,6,13,20,20,17,22
214,べらぼう(2025年 nhk大河ドラマ),34000,20,2.216,-25.953,25,75,0,1,4,11,23,31,30
215,宮城県の事件事故情報,29100,20,2.197,-64.136,35,65,1,5,15,26,25,15,13
216,岡山県の事件事故情報,34200,20,2.139,-72.253,37,63,1,5,13,23,24,17,17
217,閉鎖病棟,30300,20,2.12,-39.536,26,74,6,12,15,21,22,15,9
218,抗不安薬,32300,20,2.099,-20.864,33,67,3,14,17,24,22,12,8
219,すっぴん,35100,20,2.093,-21.087,46,54,2,5,13,24,25,16,15
220,米不足 2024,30600,20,2.046,-171.999,52,48,2,5,10,22,27,19,15
221,トリプタノール,31700,20,2.036,-34.72,28,72,1,8,15,24,26,15,11
222,主婦,40800,20,2.024,-34.384,35,65,1,4,9,19,22,22,23
223,ジェフリーエプスタイン,31500,20,2.021,-31.086,42,58,1,6,13,24,27,17,12
224,ラツーダ,31800,20,2.012,-66.201,34,66,2,13,16,23,25,14,7
225,ウェルニッケ脳症,40100,20,1.994,-32.912,34,66,1,20,18,21,20,13,7
226,ロゼレム,35600,20,1.973,-82.884,33,67,1,9,12,20,23,18,17
227,薬剤師,35400,20,1.95,-23.564,41,59,7,11,15,23,20,12,12
228,ヤクザ,37500,20,1.944,-51.551,63,37,8,15,20,23,18,9,7
229,障害年金受給資格,43800,20,1.904,-45.243,32,68,0,3,7,16,32,30,12
230,裏側,41300,20,1.874,-32.824,45,55,1,3,10,21,25,20,20
231,メイラックス,41700,20,1.871,-40.005,33,67,1,8,13,22,25,17,14
232,手取り,38000,20,1.841,-21.046,44,56,2,10,17,24,22,14,11
233,レンドルミン,42500,20,1.831,-21.749,35,65,1,8,10,17,22,19,23
234,カウンセリング,51400,20,1.827,-34.064,30,70,4,10,14,23,25,14,10
235,野鳥,49600,20,1.823,-63.843,46,54,1,2,5,11,20,26,35
236,航空機事故,52800,20,1.799,-25.637,45,55,2,6,12,22,22,19,17
237,死刑執行,47400,20,1.788,-56.644,49,51,4,10,18,23,23,13,9
238,住宅マンション,40700,20,1.777,-31.152,43,57,0,2,10,22,27,20,19
239,コストパフォーマンス,51100,20,1.771,-32.008,38,62,1,2,8,22,26,19,22
240,エンパワメントとは,42100,20,1.767,-32.767,33,67,4,14,10,22,26,15,9
241,工藤会,37800,20,1.766,-76.559,80,20,3,9,16,25,25,13,9
242,昭和8年は何歳,49200,20,1.726,-47.116,34,66,0,4,10,12,24,41,9
243,精神科 心療内科 違い,53600,20,1.709,-28.87,29,71,5,17,17,23,22,8,8
244,お金を借りる,57600,20,1.707,-23.963,51,49,2,22,23,21,16,10,6
245,編み物,61200,20,1.704,-72.227,13,87,5,10,10,15,21,20,19
246,エリキュース,50800,20,1.69,-111.085,36,64,0,14,13,21,22,16,14
247,猿田彦,44700,20,1.684,-88.367,43,57,1,5,10,19,29,22,14
248,胃下垂,50100,20,1.681,-45.47,37,63,13,27,20,17,12,6,5
249,抑うつ状態とは,57800,20,1.68,-35.53,33,67,4,15,16,23,25,11,6
250,コデインリン酸塩散1%,45900,20,1.679,-81.281,31,69,1,7,15,23,23,17,14
251,その,52400,20,1.656,-92.38,37,63,5,3,6,14,21,21,30
252,グリーフケア,48000,20,1.653,-210.351,24,76,1,8,11,21,26,19,14
253,特別支援学校,45900,20,1.653,-58.515,37,63,3,8,13,28,22,14,12
254,ショーンコムズ,43600,20,1.647,-185.474,35,65,2,6,16,33,25,11,7
255,アメブロ芸能人ランキング,57600,20,1.639,-113.105,11,89,1,1,14,37,23,11,13
256,中居正広 薬物,56800,20,1.618,-24.022,37,63,1,3,13,33,32,13,5
257,国会議員,54600,20,1.602,-83.314,64,36,2,3,6,10,18,25,36
258,認知症 症状,65700,20,1.598,-22.939,26,74,1,4,5,12,29,26,23
259,著作権,49800,20,1.598,-30.187,48,52,7,9,13,24,22,13,12
260,アルプラゾラム,56500,20,1.583,-28.389,32,68,2,18,25,18,18,10,9
261,南海キャンディーズ,52000,20,1.573,-71.837,43,57,3,6,12,21,23,17,18
262,マチコのおすすめ,60900,20,1.56,-127.707,14,86,1,6,16,37,29,7,4
263,ひまわりの約束,65900,20,1.557,-37.997,38,62,15,9,10,23,19,13,11
264,アスペルガー,66100,20,1.548,-79.252,33,67,3,10,19,26,21,12,9
265,スルピリド,62300,20,1.544,-19.99,34,66,1,11,15,24,23,14,12
266,借金救済制度とは,60500,20,1.54,-31.855,49,51,0,13,18,23,25,14,7
267,飲酒運転 罰則,57000,20,1.532,-83.953,53,47,3,16,17,23,22,11,8
268,謹賀新年,60600,20,1.531,-165.228,46,54,4,10,13,18,21,17,17
269,真木蔵人,64400,20,1.525,-82.343,44,56,1,4,11,32,29,12,11
270,reserved.,65200,20,1.522,-67.984,36,64,3,5,7,15,22,23,25
271,です。,74300,20,1.519,-33.899,30,70,1,2,5,13,23,24,32
272,膵臓癌 血液検査でわかる,61000,20,1.502,-30.298,37,63,0,2,5,13,24,26,30
273,見立真一,58400,20,1.501,-51.195,75,25,3,9,17,32,24,9,6
274,東京証券取引所,60500,20,1.497,-49.355,67,33,2,5,7,16,24,23,23
275,アスペルガー 特徴,60800,20,1.48,-48.112,26,74,3,6,13,25,27,16,10
276,袴田事件 真犯人,66800,20,1.466,-187.694,45,55,3,6,12,22,26,18,13
277,花田虎上,64400,20,1.449,-35.92,37,63,0,2,3,14,25,25,31
278,福田克彦,57300,20,1.449,-154.661,51,49,0,4,14,29,28,17,8
279,右脇腹 肋骨の下 痛い,58200,20,1.445,-80.008,32,68,0,3,8,19,30,22,18
280,札幌天気,59300,20,1.444,-121.692,37,63,4,13,10,17,25,19,12
281,修学旅行,58800,20,1.444,-39.924,42,58,14,6,10,29,20,10,11
282,ショート パーマ,56800,20,1.44,-71.24,11,89,1,5,14,24,33,16,7
283,薬,83200,20,1.421,-91.274,49,51,2,5,6,11,17,22,37
284,あずきのチカラ,61700,20,1.421,-108.953,18,82,1,7,15,23,23,15,16
285,無集正,50700,20,1.416,-57.146,91,9,1,4,12,22,30,21,10
286,銀行口座 開設,68300,20,1.415,-28.316,44,56,9,10,9,19,26,15,12
287,唯我独尊,62900,20,1.414,-75.746,46,54,4,9,12,18,20,17,20
288,シュリンク,77500,20,1.412,-97.226,32,68,2,6,12,23,26,19,12
289,山陽道 交通情報,74200,20,1.411,-43.253,47,53,1,6,12,23,28,18,12
290,国民民主党(日本 2018-),72400,20,1.408,-36.943,67,33,1,3,9,17,22,20,28
291,マツダ cx-3,69400,20,1.408,-69.871,58,42,2,9,8,17,30,21,13
292,中,64800,20,1.394,-109.602,46,54,3,5,9,17,22,19,25
293,ヘレンケラー,65000,20,1.388,-104.679,40,60,6,9,13,21,17,15,19
294,瞼がピクピクする,74100,20,1.387,-19.071,35,65,3,11,14,20,25,17,10
295,自閉症 顔つき,67700,20,1.384,-131.918,32,68,3,9,21,23,18,15,11
296,おならが出過ぎる 原因,62900,20,1.383,-135.965,29,71,2,7,12,23,24,17,15
297,セルトラリン,65900,20,1.379,-49.868,29,71,2,13,18,26,23,11,7
298,看護師国家試験 2025,69000,20,1.377,-39.088,22,78,2,25,9,17,31,10,6
299,三井アウトレット北広島,60400,20,1.374,-38.521,34,66,3,10,16,25,24,13,9
300,大型免許,60900,20,1.363,-52.431,83,17,2,10,16,25,28,13,6
301,ドーパミン,81100,20,1.354,-21.439,42,58,5,12,13,19,19,15,17
302,児童養護施設,61900,20,1.354,-29.668,31,69,5,11,16,28,21,11,8
303,ctとmriの違い,79600,20,1.352,-86.651,38,62,2,6,9,18,24,19,22
304,出石そば,62400,20,1.351,-45.438,50,50,1,5,9,19,27,22,17
305,ウォーキング,64200,20,1.346,-24.35,48,52,2,4,9,18,25,23,19
306,倫理とは,65800,20,1.339,-90.042,40,60,11,9,9,21,26,13,11
307,オーグメンチン,76500,20,1.338,-86.958,33,67,1,12,18,24,22,13,10
308,イーロンマスク 何した人,77000,20,1.333,-96.08,29,71,2,6,10,20,23,18,21
309,甘いものが食べたい 原因,66900,20,1.33,-56.201,18,82,6,20,21,19,18,9,7
310,肺がん,72400,20,1.327,-28.59,38,62,2,6,8,15,20,20,29
311,太刀魚 レシピ,65800,20,1.326,-52.368,35,65,0,4,12,22,27,18,17
312,介護福祉士 受験資格,75300,20,1.324,-68.462,29,71,1,6,11,24,33,17,8
313,チラージン,67300,20,1.319,-28.019,26,74,1,10,14,21,23,17,14
314,子宮がん検診,63400,20,1.319,-75.871,10,90,1,13,18,29,23,10,6
315,フォレストガンプ,73300,20,1.316,-41.509,54,46,4,15,20,20,18,13,10
316,嘔吐下痢,65600,20,1.313,-48.558,30,70,2,9,19,22,22,16,10
317,田村瑠奈,66400,20,1.309,-53.04,46,54,1,8,22,31,23,10,5
318,おいしい酢,92600,20,1.305,-47.831,19,81,0,1,4,11,22,26,36
1,双極性障害,738000,260,1.486,-8.766,29,71,3,9,14,24,25,15,10
2,ヘルスケア,454000,240,1.941,-18.229,30,70,1,2,8,20,27,21,21
3,お笑い,349000,210,2.017,-15.37,45,55,1,3,11,25,28,17,15
4,話題,398000,190,1.808,-15.353,39,61,2,3,11,23,26,18,17
5,フジテレビジョン,403000,190,1.764,-12.108,39,61,1,3,9,22,27,20,18
6,東京都,534000,190,1.551,-18.279,47,53,1,3,7,16,22,23,28
7,sns,525000,190,1.551,-2.005,46,54,1,3,9,18,22,20,27
8,アメリカ合衆国,310000,170,1.997,-14.409,53,47,1,2,6,16,21,23,31
9,うつ病の症状,470000,170,1.521,-4.796,34,66,4,11,13,22,25,14,11
10,発達障害とは,477000,170,1.514,-9.134,31,69,2,4,12,25,25,18,14
11,離婚,280000,150,1.895,-7.207,32,68,1,3,13,25,25,17,16
12,神奈川県,486000,150,1.386,-17.057,46,54,2,3,7,17,23,22,26
13,日本テレビ,512000,150,1.344,-4.992,43,57,1,3,8,19,26,23,20
14,オーバードーズ,224000,140,2.116,-3.988,40,60,5,8,11,18,21,18,19
15,認知症,464000,140,1.383,-14.006,35,65,1,3,4,13,28,25,26
16,パニック障害,307000,130,1.661,-14.371,32,68,4,12,16,25,23,12,8
17,イケメン,196000,120,2.062,-11.148,32,68,7,7,12,22,20,14,18
18,福岡県,345000,120,1.518,-7.465,44,56,2,4,11,20,23,19,21
19,イヌ,145000,110,2.272,-9.996,26,74,1,2,6,18,27,22,24
20,フジテレビ系ドラマ,165000,110,2.119,-3.994,24,76,1,2,8,20,30,23,16
21,物議,229000,110,1.843,-6.722,43,57,1,3,11,23,25,19,18
22,静岡県,382000,110,1.331,-7.118,48,52,2,3,8,18,23,22,24
23,なぜ,196000,100,1.906,-17.185,53,47,1,3,9,20,25,20,22
24,東京都の事件事故情報,131000,90,2.139,-15.345,39,61,1,5,14,25,24,16,15
25,精神疾患,138000,90,2.091,-10.197,41,59,6,9,11,19,25,18,12
26,発達障害とは 大人特徴,174000,90,1.875,-4.785,30,70,1,5,11,22,30,19,12
27,謝罪,177000,90,1.803,-9.78,45,55,1,5,13,24,25,16,16
28,ギャンブル依存症,48200,80,3.01,-3.965,56,44,1,10,19,24,23,13,10
29,教員,124000,80,2.151,-1.597,40,60,2,6,14,26,23,16,13
30,障害年金,208000,80,1.596,-9.178,40,60,1,5,10,19,30,23,12
31,自由民主党(日本),218000,80,1.542,-15.062,66,34,1,4,9,16,20,21,29
32,格闘技,244000,80,1.412,-15.025,73,27,1,5,15,28,26,14,11
33,心不全,258000,80,1.357,-7.985,34,66,1,7,11,18,24,19,20
34,引きこもり,59800,70,2.725,-14.038,29,71,2,4,10,25,26,16,17
35,クエチアピン,100000,70,2.213,-10.058,29,71,1,12,14,23,25,16,9
36,いじめ,121000,70,1.957,-3.427,37,63,4,5,11,25,24,16,15
37,活動休止解散(芸能界),128000,70,1.921,-8.283,35,65,1,5,14,26,27,15,12
38,ノンフィクション,194000,70,1.532,-16.555,39,61,4,6,13,28,27,12,10
39,youtuber,218000,70,1.44,-11.302,43,57,6,8,25,30,18,6,7
40,てんかん 症状,210000,70,1.415,-15.095,37,63,5,14,15,22,22,13,9
41,結婚,254000,70,1.323,-2.034,35,65,4,8,15,21,22,15,15
42,メーガン(サセックス公爵夫人),30400,60,3.235,-14.892,10,90,0,1,3,15,23,24,34
43,特定疾患(難病),71800,60,2.461,-11.328,22,78,1,3,10,21,25,21,19
44,厚生年金保険,86000,60,2.195,-10.904,34,66,0,2,3,8,20,37,30
45,睡眠薬,86500,60,2.144,-15.482,48,52,4,11,13,19,21,14,18
46,不登校,84500,60,2.125,-7.706,28,72,4,3,9,34,26,12,12
47,リスペリドン,98600,60,2.022,-8.815,28,72,1,13,15,24,24,15,8
48,デパス,104000,60,1.997,-14.112,37,63,1,9,13,19,22,17,19
49,弁護士,132000,60,1.828,-3.986,49,51,2,4,9,18,22,20,25
50,エチゾラム,140000,60,1.747,-4.183,33,67,1,8,11,20,25,18,17
51,沖縄県,149000,60,1.67,-11.386,47,53,2,4,10,20,23,20,21
52,脳出血,171000,60,1.507,-13.247,33,67,2,6,11,21,26,18,16
53,トイレ,185000,60,1.377,-18.866,43,57,2,5,9,16,22,21,25
54,社会福祉士,213000,60,1.333,-13.937,30,70,3,8,13,26,28,13,9
55,医療保護入院とは,26500,50,3.101,-12.017,31,69,1,11,14,25,26,15,8
56,児童虐待,29300,50,2.996,-11.901,28,72,4,6,11,23,23,16,17
57,誹謗中傷,68200,50,2.288,-10.28,46,54,4,6,11,21,23,17,18
58,ウラジーミルプーチン,66900,50,2.19,-17.984,69,31,1,2,6,14,19,21,37
59,精神保健福祉士,81700,50,2.128,-3.025,28,72,4,9,14,27,26,13,7
60,ロラゼパム,84600,50,2.07,-1.261,31,69,2,12,15,24,24,14,9
61,宮城野親方(白鵬 翔),78200,50,2.058,-15.151,55,45,0,2,4,11,18,23,42
62,ベルソムラ,99600,50,1.851,-13.504,35,65,1,9,12,20,24,17,17
63,陸上競技,117000,50,1.661,-5.5,59,41,3,4,9,21,22,19,22
64,て,145000,50,1.562,-13.314,37,63,2,4,7,16,23,22,26
65,知的障害,130000,50,1.533,-18.941,33,67,4,10,16,24,23,14,9
66,アレルギー,135000,50,1.531,-12.801,31,69,2,5,10,22,25,20,16
67,テニス,151000,50,1.43,-12.558,50,50,3,4,7,16,18,21,31
68,札幌市,162000,50,1.378,-10.5,49,51,1,4,8,17,22,22,26
69,覚醒剤 症状,13100,40,3.757,-1.148,47,53,3,9,16,29,24,9,10
70,心的外傷後ストレス障害(ptsd),28300,40,2.783,-1.823,30,70,1,3,11,24,28,18,15
71,双生児,37900,40,2.721,-13.308,17,83,1,4,13,22,21,18,21
72,美容師,37600,40,2.547,-13.812,30,70,5,6,12,23,23,17,14
73,抗うつ薬,48500,40,2.394,-11.153,35,65,3,12,14,24,24,14,9
74,snsで話題のネタ,52100,40,2.374,-4.98,25,75,1,2,9,20,23,19,26
75,解雇免職,47900,40,2.333,-3.657,53,47,1,4,11,23,26,18,17
76,会長,44500,40,2.321,-13.22,58,42,1,3,10,21,25,19,21
77,ミルタザピン,53200,40,2.309,-12.301,35,65,1,13,18,22,22,14,10
78,政治家の失言問題発言,55100,40,2.255,-14.742,60,40,1,2,6,13,19,23,36
79,小学校教育,64400,40,2.106,-10.077,28,72,2,4,15,29,21,15,14
80,しにたい 楽な方法,65000,40,2.054,-4.625,36,64,11,15,17,25,20,8,4
81,農家,61800,40,2.037,-18.018,51,49,1,3,9,20,22,20,25
82,流通小売,73700,40,2.036,-17.869,41,59,1,3,9,21,26,20,20
83,ストーカー,77800,40,1.946,-3.998,41,59,3,7,15,25,24,14,12
84,アルプラゾラム錠0.4mg,73700,40,1.878,-18.537,31,69,0,1,2,27,32,21,17
85,サラリーマン,74800,40,1.841,-13.04,52,48,2,5,9,21,28,21,14
86,児童相談所,81500,40,1.752,-8.461,32,68,5,8,17,32,21,10,7
87,cbd,85200,40,1.692,-1.695,49,51,4,12,17,23,22,13,9
88,希死念慮,119000,40,1.568,-2.593,33,67,6,18,18,21,20,11,6
89,自立支援医療制度,99900,40,1.555,-8.698,29,71,1,9,14,24,29,15,8
90,訪問看護,109000,40,1.546,-9.818,28,72,1,5,10,23,29,19,13
91,東京ヤクルトスワローズ,101000,40,1.48,-3.335,71,29,4,9,14,21,23,15,14
92,痩せる方法,109000,40,1.463,-7.602,31,69,8,11,13,23,24,13,8
93,腰痛 原因,111000,40,1.456,-17.722,40,60,2,6,11,19,23,21,18
94,視聴率,116000,40,1.448,-11.973,44,56,4,6,8,15,24,23,20
95,アウトドア,119000,40,1.399,-10.71,49,51,2,4,9,21,27,19,18
96,山口組,127000,40,1.323,-10.304,83,17,3,6,12,23,28,16,12
97,膵炎 症状,127000,40,1.305,-12.206,34,66,1,6,11,21,26,19,16
98,覚醒剤 後遺症,4900,30,4.386,-8.957,35,65,1,6,16,33,26,10,8
99,アルコール依存症 末期,7700,30,3.749,-4.804,31,69,1,4,11,25,31,19,9
100,ケンブリッジ公爵夫人キャサリン,13300,30,3.362,-14.339,6,94,0,1,2,13,21,25,38
101,青髪のテツ(クリエイター),17000,30,3.155,-14.903,17,83,0,1,4,12,21,24,38
102,脱サラ料理家ふらお(クリエイター),25200,30,2.73,-2.491,14,86,1,1,6,18,25,22,27
103,キュウリ,22800,30,2.73,-1.504,23,77,1,2,7,15,19,20,36
104,横領事件,24800,30,2.665,-1.55,51,49,1,3,10,23,25,18,20
105,オウム真理教問題,30800,30,2.607,-14.079,40,60,2,4,10,22,25,18,19
106,adhd(注意欠陥多動性障害),31500,30,2.55,-5.192,22,78,1,2,11,29,28,17,12
107,トリアゾラム,34900,30,2.514,-2.434,38,62,1,11,12,19,23,17,17
108,広島県の事件事故情報,29500,30,2.482,-7.493,39,61,1,5,15,25,24,16,14
109,na,29000,30,2.48,-4.076,54,46,3,6,8,15,21,21,26
110,睡眠薬 強さランキング,38000,30,2.417,-11.006,45,55,2,6,11,19,25,19,18
111,暴力団,30100,30,2.374,-15.021,67,33,4,10,16,23,22,13,12
112,損害賠償,37800,30,2.257,-5.612,44,56,2,4,12,23,25,17,17
113,熱愛破局,40000,30,2.204,-3.997,24,76,1,4,15,26,26,16,12
114,ブロチゾラム錠0.25mg,40800,30,2.16,-8.827,35,65,0,6,9,15,21,21,28
115,メンタルクリニック,40000,30,2.138,-16.021,30,70,2,12,13,24,27,13,9
116,寿命,52200,30,2.099,-6.362,39,61,2,3,7,15,23,23,27
117,しにたいとき 対処法,44800,30,2.065,-17.815,31,69,12,19,17,24,15,9,4
118,ルネスタ,43100,30,2.041,-18.162,34,66,1,8,12,20,23,18,18
119,観光名所,47600,30,2.01,-10.936,45,55,1,3,7,18,25,22,24
120,サインバルタ,49400,30,1.938,-7.936,37,63,1,7,12,21,26,18,15
121,抑うつ状態,51200,30,1.892,-17.571,35,65,4,18,18,22,22,10,6
122,教員の不祥事,54400,30,1.881,-10.017,41,59,2,5,12,25,25,17,14
123,ja(農業協同組合),51900,30,1.839,-9.484,57,43,1,2,7,17,22,22,29
124,不眠症 治すには,58800,30,1.8,-14.405,39,61,4,9,12,19,23,17,16
125,ギャバ 効果 効能,70100,30,1.777,-2.293,24,76,1,3,4,12,22,25,33
126,ビジネスパーソン,65700,30,1.77,-6.616,54,46,1,2,10,27,29,17,14
127,日本相撲協会,69900,30,1.72,-17.129,64,36,1,3,6,13,20,24,33
128,アドレナリンとは,90200,30,1.617,-13.01,30,70,7,10,9,17,21,18,18
129,ペインクリニック,79900,30,1.596,-7.748,36,64,1,3,7,17,26,21,25
130,給食,74900,30,1.57,-11.841,32,68,5,9,17,28,20,12,9
131,アミラーゼの数値が高い,79200,30,1.567,-17.003,30,70,0,3,6,15,25,24,27
132,謙虚とは意味,71100,30,1.549,-13.421,35,65,10,10,9,20,22,15,14
133,フレディフリーマン,70800,30,1.544,-1.697,67,33,3,8,13,16,18,19,23
134,パワーハラスメント,74700,30,1.534,-1.883,52,48,1,3,8,19,24,21,24
135,最上,68300,30,1.514,-16.191,53,47,1,4,14,29,29,15,8
136,アカデミー賞,76200,30,1.49,-10.929,40,60,3,7,11,18,22,19,20
137,楽しんご,80900,30,1.407,-16.324,44,56,4,10,17,26,24,12,7
138,なるほど,106000,30,1.406,-8.013,36,64,1,2,6,19,27,23,22
139,ニューヨークヤンキース,92700,30,1.376,-17.763,68,32,3,5,11,17,20,20,24
140,言語聴覚士,99100,30,1.372,-8.259,25,75,5,10,15,26,22,13,9
141,手作り,107000,30,1.33,-1.934,21,79,1,1,5,15,22,26,30
142,筋ジストロフィー,111000,30,1.329,-18.063,32,68,2,11,15,22,23,15,12
143,ノイロトロピン,96700,30,1.324,-7.739,33,67,0,6,10,19,24,19,22
144,鹿児島県,109000,30,1.322,-14.409,51,49,2,4,8,17,21,21,27
145,マンガ 無料,83800,30,1.306,-18.13,31,69,3,4,10,35,32,12,4
146,神奈川県立精神医療センター,6200,20,3.891,-15.302,35,65,2,7,10,19,28,19,15
147,ダイアナ(プリンセスオブウェールズ),6500,20,3.888,-15.603,8,92,0,1,3,12,20,25,39
148,松本俊彦,6700,20,3.619,-7.856,33,67,1,7,9,22,25,19,17
149,水上賢治,10000,20,3.278,-4.094,54,46,0,3,10,21,26,18,22
150,久里浜医療センター,13000,20,3.15,-5.425,36,64,1,6,8,19,27,21,18
151,栄養士食堂(クリエイター),15400,20,3.08,-12.605,18,82,0,1,4,11,20,25,39
152,ヒルナミン,16100,20,2.859,-15.737,35,65,1,13,18,26,24,12,6
153,プチプライス,16900,20,2.785,-12.641,9,91,0,2,9,27,29,19,14
154,監禁事件,19500,20,2.743,-6.948,44,56,1,5,13,26,26,15,14
155,脳科学,16900,20,2.734,-6.803,27,73,3,4,9,20,23,19,22
156,コカインとは,20100,20,2.671,-2.444,59,41,5,13,15,22,20,13,12
157,渡邊大門,15900,20,2.658,-15.848,75,25,0,2,3,16,30,25,24
158,向精神薬,17400,20,2.632,-1.242,34,66,2,14,16,22,23,14,9
159,不登校 親 しんどい,21500,20,2.402,-13.15,15,85,3,1,11,52,25,3,5
160,障害者総合支援法,27100,20,2.391,-13.72,36,64,2,14,10,21,24,17,12
161,新婚さんいらっしゃい!,25200,20,2.389,-14.944,40,60,0,2,10,21,23,19,25
162,セルシン,27300,20,2.302,-5.664,32,68,1,16,16,22,20,13,12
163,依存とは,29200,20,2.269,-14.048,31,69,10,11,9,19,25,15,11
164,和服,32100,20,2.193,-14.15,31,69,3,5,8,15,18,20,31
165,田舎暮らし物件,30600,20,2.19,-6.875,53,47,1,1,4,14,31,27,22
166,栄養失調 症状,32600,20,2.157,-13.262,29,71,5,11,14,20,22,16,12
167,ママ友,36500,20,2.114,-2.326,25,75,1,3,17,30,23,15,11
168,ハンチントン病とは,32200,20,2.114,-14.724,26,74,3,12,13,17,21,18,16
169,日本維新の会 2016,38400,20,2.075,-16.648,71,29,1,2,6,15,20,21,35
170,ベンゾジアゼピン,35200,20,2.041,-1.231,36,64,1,15,14,23,22,14,11
171,いぬきち(クリエイター),33000,20,2.026,-10.405,37,63,1,5,14,25,28,17,10
172,不安感が強い時の対処法,40700,20,2.021,-13.188,25,75,3,6,11,26,30,15,9
173,インチュニブ,40100,20,2.019,-6.924,31,69,2,11,18,31,22,10,6
174,ヒースレジャー,32100,20,2.008,-10.302,44,56,4,11,20,25,21,12,7
175,医療費,41100,20,1.995,-1.045,43,57,1,3,7,14,20,23,32
176,デパケン,33400,20,1.969,-17.414,29,71,1,12,16,24,24,14,9
177,虐待,42600,20,1.951,-8.411,30,70,6,7,13,21,24,17,12
178,リサイクル,39700,20,1.929,-9.14,47,53,3,4,9,21,26,18,19
179,メンタルヘルス,46300,20,1.909,-5.194,42,58,3,7,11,22,27,17,13
180,障害年金 3級 いくら,42800,20,1.887,-8.531,33,67,1,6,11,21,34,18,9
181,実写化,38100,20,1.881,-18.764,48,52,2,5,15,27,27,15,9
182,眼鏡,36800,20,1.869,-1.577,48,52,3,6,12,23,27,15,14
183,熟年離婚,47000,20,1.818,-14.18,38,62,0,3,7,17,32,26,15
184,ヘイリービーバー,41100,20,1.817,-10.442,17,83,2,11,24,33,19,7,4
185,マイスリー5mg,53300,20,1.785,-10.873,31,69,1,4,6,13,21,22,33
186,クレイトンカーショウ,42900,20,1.769,-8.807,72,28,1,5,10,14,19,22,29
187,老後2000万円問題,49200,20,1.765,-15.655,37,63,0,3,7,13,26,30,21
188,低カリウム血症,56000,20,1.744,-15.216,29,71,1,16,15,22,22,15,9
189,エスシタロプラム10mg,41700,20,1.727,-17.651,29,71,1,5,8,27,32,17,10
190,ゾルピデム酒石酸塩錠5mg,55700,20,1.719,-13.84,33,67,1,5,7,13,21,22,31
191,アスペルガー症候群 大人特徴 女性,52800,20,1.71,-18.727,16,84,1,6,12,24,30,17,10
192,更年期障害,55100,20,1.658,-1.221,29,71,1,4,8,32,39,9,7
193,特撮,46000,20,1.644,-10.882,54,46,2,7,13,20,25,18,15
194,神経痛 治し方,61200,20,1.604,-4.513,34,66,1,3,6,13,23,25,29
195,頭がぼーっとする,52400,20,1.596,-8.418,38,62,5,13,15,20,18,13,16
196,プロレスラー,63200,20,1.542,-4.053,61,39,1,4,10,24,28,18,15
197,トラウマとは,57800,20,1.54,-3.387,47,53,3,5,6,13,20,22,31
198,宝塚市,71600,20,1.524,-10.9,48,52,2,4,7,13,20,23,31
199,マヌカハニー 発がん,65000,20,1.51,-10.234,20,80,1,3,10,18,25,23,20
200,過眠症,58600,20,1.486,-14.709,26,74,12,21,19,21,16,7,4
201,名言,59000,20,1.471,-3.276,45,55,16,10,12,24,18,10,10
202,サムハラ神社,70900,20,1.466,-5.405,28,72,1,3,10,21,36,20,9
203,ガーデニング,69800,20,1.449,-2.031,32,68,1,2,5,12,26,29,25
204,指定難病,59300,20,1.427,-7.25,35,65,3,10,13,21,24,17,12
205,公務員 ボーナス,68300,20,1.424,-10.844,46,54,1,13,15,22,26,15,8
206,債務整理,72300,20,1.423,-18.567,50,50,1,12,21,25,23,12,6
207,就労継続支援b型,73700,20,1.412,-9.941,37,63,1,9,12,26,28,16,8
208,矢部美穂,60800,20,1.409,-2.41,60,40,0,4,11,23,30,19,13
209,環境省,66100,20,1.406,-9.682,57,43,3,5,7,17,27,22,19
210,地雷系女子,70000,20,1.4,-7.003,53,47,12,12,17,28,20,8,3
211,中川勝彦,72000,20,1.399,-5.136,24,76,1,3,10,22,31,21,12
212,訪問介護,61400,20,1.393,-17.913,34,66,1,4,8,20,29,22,16
213,スズキ ジムニー,72800,20,1.378,-8.255,54,46,1,7,11,21,26,17,17
214,ぜつがんの症状,66400,20,1.374,-17.509,29,71,1,4,8,18,25,22,22
215,肩こり,63400,20,1.371,-8.891,32,68,2,8,14,22,22,15,17
216,せっクす依存症とは,62100,20,1.364,-14.18,49,51,8,12,16,25,19,9,11
217,ビソプロロールフマル酸塩,79900,20,1.346,-11.639,32,68,0,11,10,19,23,19,18
218,京阪百貨店,68300,20,1.315,-7.4,33,67,1,2,7,17,29,25,19
219,ピップエレキバン,72300,20,1.303,-5.205,37,63,1,7,15,23,25,15,14
1,理由,734000,350,1.812,-0.561,41,59,1,3,10,22,25,20,19
2,アルコール依存症,126000,170,2.864,-0.037,37,63,1,6,11,24,28,18,12
3,統合失調症 症状,172000,110,2.084,-0.658,26,74,3,9,11,20,25,18,14
4,大麻,116000,90,2.291,-0.465,49,51,4,10,14,23,23,14,12
5,美容,141000,90,2.053,-0.426,17,83,1,3,11,26,29,17,13
6,依存症,33200,80,3.39,-0.01,43,57,5,9,14,23,24,14,11
7,芸能界,114000,80,2.151,-0.982,38,62,1,3,9,21,27,20,19
8,障害者年金,255000,80,1.362,-0.831,40,60,1,3,7,15,28,30,16
9,ゾルピデム,143000,60,1.735,-0.004,34,66,1,9,11,17,24,18,20
10,バッグ,183000,60,1.517,-0.399,21,79,2,5,9,19,23,21,21
11,薬物,12500,50,3.873,-0.001,46,54,12,15,17,24,18,8,6
12,肝硬変 症状,149000,50,1.475,-0.88,39,61,1,7,13,22,26,17,14
13,薬物性精神障害,1400,40,5.862,-0.015,24,76,1,3,9,21,30,23,13
14,薬物中毒,3400,40,5.026,-0.001,41,59,3,13,18,27,23,11,5
15,性被害,37600,40,2.603,-0.669,38,62,3,5,12,23,26,16,15
16,韓国政治,54100,40,2.155,-0.993,56,44,2,3,6,15,21,21,32
17,トラゾドン,66500,40,2.029,-0.092,33,67,1,12,16,24,24,14,9
18,デエビゴ錠5mg 効果時間,104000,40,1.693,-0.975,33,67,1,6,7,14,21,21,30
19,覚醒剤 どうなる,4500,30,4.253,-0.349,47,53,3,10,20,31,22,7,7
20,依存症になりやすい人,8000,30,3.899,-0.077,30,70,3,6,11,22,28,19,11
21,精神保健福祉センター,13400,30,3.382,-0.267,28,72,4,14,13,22,25,14,8
22,マリファナ,30400,30,2.554,-0.021,57,43,9,17,18,23,19,8,6
23,炎上,59400,30,1.941,-0.359,48,52,2,5,13,22,23,17,18
24,世論調査,61700,30,1.94,-0.052,64,36,3,7,11,17,19,18,25
25,コンプレックス,91000,30,1.451,-0.012,51,49,4,7,11,24,33,13,8
26,野菜,109000,30,1.421,-0.038,39,61,4,7,10,14,16,18,31
27,依存症 種類,3200,20,4.502,-0.003,39,61,6,11,9,16,23,20,15
28,ダルク,5400,20,4.06,-0.103,53,47,3,9,17,22,22,14,13
29,大麻リキッド,5500,20,3.825,-0.497,69,31,4,16,20,28,22,7,3
30,ニトラゼパム,18200,20,2.577,-0.679,37,63,1,13,16,24,23,14,9
31,エッセイ漫画,21700,20,2.423,-0.342,20,80,1,3,13,26,25,18,14
32,アメリカ合衆国とイランの関係,23800,20,2.408,-0.074,73,27,1,3,8,17,22,21,28
33,土産,25800,20,2.348,-0.496,26,74,1,2,7,18,24,22,26
34,しにたい 50代,27700,20,2.293,-0.808,34,66,0,1,1,8,82,6,2
35,熱傷,28100,20,2.249,-0.569,33,67,1,7,14,25,24,15,14
36,えらせん(クリエイター),27700,20,2.227,-0.401,30,70,1,3,8,22,34,21,11
1,薬物依存,2000,80,6.292,0,34,66,6,14,13,21,26,13,7
2,覚醒剤,26300,60,3.373,0,60,40,3,11,18,25,23,11,9
3,薬物依存 治療,1100,50,6.44,0,34,66,5,13,12,22,24,15,9
4,ダルク 施設,9800,50,4.124,0.238,41,59,3,10,16,23,22,15,11
5,ダイエット,163000,50,1.408,0.467,28,72,5,11,19,27,21,10,7
6,薬物療法とは,4600,40,4.742,0.001,37,63,7,14,9,18,20,17,15
7,拒食症,50400,40,2.239,0.389,27,73,10,13,14,25,21,10,7
8,詐欺事件,67200,40,2.092,0.513,45,55,1,3,10,21,24,19,22
9,薬物乱用,3400,30,4.611,0,40,60,21,12,11,23,17,9,7
10,薬物性肝障害,4300,30,4.521,0,30,70,1,12,14,21,26,15,11
11,不眠症,70000,30,1.868,0,39,61,11,19,17,17,15,10,11
12,ワンネス財団,2500,20,4.682,0,38,62,0,4,8,19,29,22,18
13,長崎市,67200,20,1.346,0.359,52,48,2,5,8,15,21,24,25
14,弁護士 無料相談,81500,20,1.343,0.451,39,61,1,9,14,22,27,16,11
1,意外,255000,150,2.026,10.489,31,69,1,2,7,18,25,23,24
2,tbsテレビ,315000,130,1.676,10.553,39,61,1,3,8,20,26,21,21
3,お笑い芸人,395000,130,1.451,7.389,42,58,1,3,8,20,27,21,20
4,デエビゴ,281000,110,1.654,1.17,34,66,1,8,12,20,24,18,17
5,連続テレビ小説,266000,100,1.577,2.001,27,73,1,2,6,14,23,28,26
6,tokio,300000,100,1.412,4.648,44,56,4,8,14,21,23,17,13
7,年収,264000,90,1.464,5.24,43,57,1,3,10,22,26,20,18
8,摂食障害,138000,80,1.991,1.335,30,70,5,9,12,24,24,14,12
9,レシピ,244000,80,1.45,3.676,24,76,1,4,8,18,22,19,28
10,交通事故,276000,80,1.353,7.949,45,55,2,5,13,22,26,18,14
11,ネコ,99200,70,2.282,5.623,29,71,2,4,8,19,27,20,20
12,ぱぷちゃん(クリエイター),68900,60,2.514,14.944,26,74,0,1,5,15,25,24,30
13,皇室関連情報,68800,60,2.499,5.096,17,83,0,1,3,10,18,25,43
14,東京都新宿区,85400,60,2.103,6.142,40,60,1,2,10,24,27,18,18
15,女子アナウンサー,92500,60,2.037,18.287,46,54,0,2,7,19,28,22,22
16,書類送検,136000,60,1.775,8.093,49,51,3,8,16,24,23,14,12
17,死にたい,121000,60,1.755,1.175,34,66,10,17,22,25,17,6,3
18,ランキング,142000,60,1.658,3.929,43,57,2,4,9,18,23,21,23
19,アダルトチルドレン,191000,60,1.35,15.643,38,62,5,12,16,20,18,12,17
20,イラン,208000,60,1.341,4.02,66,34,3,6,11,19,20,18,23
21,寺島しのぶ,217000,60,1.321,4.359,32,68,1,5,8,16,25,22,23
22,dv(ドメスティックバイオレンス),41700,50,2.7,4.73,24,76,1,2,9,21,25,20,22
23,死刑問題,40900,50,2.664,2.18,41,59,1,4,11,22,25,18,19
24,菅智香(クリエイター),50700,50,2.531,2.089,13,87,0,1,4,12,23,24,36
25,認知行動療法,59100,50,2.413,14.755,30,70,2,13,14,23,25,12,11
26,老後,66000,50,2.397,3.067,31,69,0,1,3,9,21,33,33
27,芸能人の妊娠出産,77500,50,2.041,14.658,30,70,1,4,16,27,22,15,15
28,水難事故,77200,50,2.028,7.707,36,64,2,5,16,28,22,14,13
29,ブロチゾラム,96200,50,1.957,6.067,34,66,1,10,12,20,24,17,16
30,養子縁組,90400,50,1.891,2.481,39,61,2,7,15,21,21,18,16
31,法テラス 無料相談,106000,50,1.781,13.612,32,68,0,6,13,22,29,18,12
32,抑肝散,130000,50,1.681,13.408,24,76,1,7,15,25,25,16,11
33,相続,134000,50,1.677,4.721,42,58,0,2,4,11,24,27,32
34,療育手帳,113000,50,1.657,10.596,30,70,1,6,19,31,23,13,7
35,セロトニン,139000,50,1.529,1.921,39,61,3,11,14,22,22,15,13
36,diy-fufu(クリエイター),39300,40,2.566,15.388,34,66,0,1,6,17,26,26,24
37,田辺ユウキ,47500,40,2.468,13.532,46,54,2,4,14,26,25,16,13
38,月経生理,47800,40,2.453,6.907,30,70,1,3,10,26,26,16,18
39,刑務所,47200,40,2.429,15.039,57,43,3,8,14,23,24,16,12
40,ぱるとよ(クリエイター),47000,40,2.399,2.451,15,85,0,1,4,11,22,25,37
41,ブラジル連邦共和国,51200,40,2.368,4.502,46,54,1,4,11,22,22,19,21
42,コツ,56300,40,2.239,3.732,27,73,0,2,7,19,25,22,25
43,ファッションモデル,60900,40,2.232,9.615,33,67,1,3,11,24,25,17,19
44,不安神経症,61800,40,2.011,6.755,29,71,3,8,13,23,25,17,11
45,セクシャルハラスメント,76200,40,1.979,6.474,44,56,1,2,9,22,28,20,18
46,東京都千代田区,76400,40,1.89,5.283,43,57,1,3,8,19,25,20,24
47,アリピプラゾール,77400,40,1.811,18.959,29,71,2,13,16,26,25,12,6
48,ひき逃げ,78200,40,1.723,8.685,56,44,2,6,14,24,25,17,12
49,降板,99900,40,1.694,7.933,36,64,1,3,9,21,27,20,19
50,自己破産,102000,40,1.606,8.052,52,48,1,11,17,20,21,16,14
51,美女,99700,40,1.596,1.46,61,39,3,4,12,23,24,16,18
52,本塁打,100000,40,1.568,10.129,75,25,2,6,13,19,20,17,23
53,ソーシャルワーカーとは,113000,40,1.548,9.005,32,68,3,7,9,19,27,19,16
54,コロナ後遺症,108000,40,1.498,5.464,30,70,1,5,10,23,30,19,12
55,レーシック手術,108000,40,1.468,1.135,47,53,5,15,17,23,20,10,10
56,愛着障害とは,116000,40,1.458,14.884,19,81,8,19,20,24,17,8,4
57,看護師,118000,40,1.45,15.366,40,60,5,9,12,20,21,17,16
58,海外サッカー,131000,40,1.352,12.198,88,12,3,11,21,30,19,9,7
59,カナダ,137000,40,1.308,9.076,50,50,4,6,8,16,20,18,28
60,姓名判断 無料,129000,40,1.303,3.258,17,83,1,4,14,24,32,18,7
61,抗精神病薬,22200,30,2.933,5.082,34,66,2,16,14,20,23,16,9
62,妊娠中絶,18300,30,2.868,4.425,33,67,3,12,15,21,20,14,15
63,dna型鑑定,22300,30,2.817,18.938,32,68,1,4,12,22,26,18,17
64,花田光司(貴乃花 光司),24200,30,2.713,13.243,33,67,0,1,3,13,23,23,37
65,大悟(お笑い芸人),26400,30,2.708,2.074,46,54,1,2,10,25,29,17,16
66,裁判員裁判,29800,30,2.624,13.162,44,56,3,8,15,24,23,14,13
67,性教育,32300,30,2.62,1.556,41,59,5,7,14,24,21,14,15
68,略取誘拐事件,27300,30,2.576,2.08,34,66,2,5,14,26,24,14,15
69,日本映画,33700,30,2.348,12.307,44,56,1,3,6,17,27,24,22
70,フランス共和国,33800,30,2.335,2.541,40,60,1,2,6,15,23,23,30
71,od,40500,30,2.325,14.215,36,64,12,13,14,20,20,13,8
72,ネグレクト,45700,30,2.248,1.014,39,61,6,8,14,21,20,16,15
73,噂,52600,30,2.087,17.368,45,55,2,4,9,20,25,19,21
74,ハルシオン,59200,30,2.023,15.147,41,59,1,8,12,21,24,17,17
75,ソラナックス,55400,30,2.02,6.107,34,66,1,7,12,22,26,17,15
76,腎不全,57000,30,1.868,16.989,41,59,2,8,12,19,25,19,15
77,中西正男,65500,30,1.835,6.368,46,54,1,3,10,22,26,20,18
78,神奈川県の事件事故情報,61200,30,1.827,1.574,40,60,1,5,13,25,26,16,14
79,胃がん,71000,30,1.792,17.194,36,64,2,7,9,16,22,19,25
80,核兵器,54300,30,1.784,5.315,56,44,3,5,11,20,20,17,24
81,キラキラネーム,77800,30,1.734,7.498,32,68,7,11,19,24,20,11,8
82,サプリメント,74100,30,1.718,16.838,45,55,1,4,8,14,20,21,32
83,リスク,78600,30,1.711,15.075,38,62,2,3,8,18,24,22,23
84,障害者雇用,70800,30,1.592,4.775,45,55,2,8,12,23,29,17,9
85,ロシア ウクライナ,83500,30,1.585,12.79,68,32,4,7,14,21,20,17,17
86,ない,79200,30,1.568,18.973,38,62,2,3,6,15,22,22,30
87,タバコ 値段,72300,30,1.559,9.694,56,44,2,6,11,18,23,21,19
88,覚醒とは意味,74700,30,1.539,12.99,29,71,2,2,5,15,26,25,25
89,九十九里,77100,30,1.482,18.889,51,49,1,3,7,20,28,22,19
90,マインドフルネス,96300,30,1.462,11.679,33,67,2,7,12,24,26,16,13
91,キャサリン妃,83300,30,1.449,17.868,17,83,1,3,8,24,27,21,16
92,皇居,103000,30,1.416,10.766,37,63,3,7,10,17,22,19,22
93,ノロウイルス 消毒方法,86500,30,1.395,16.424,30,70,1,5,13,19,24,23,15
94,若年性認知症 症状 初期,82200,30,1.393,4.579,28,72,2,8,13,24,29,16,8
95,外食,91500,30,1.382,2.081,37,63,2,4,12,24,25,17,16
96,川合俊一,85900,30,1.362,8.59,40,60,2,5,8,16,27,22,20
97,うつ病 チェック,95500,30,1.347,10.834,32,68,12,25,22,19,13,4,5
98,亜鉛不足 症状,104000,30,1.34,15.137,23,77,1,3,7,19,27,21,22
99,市川市,90800,30,1.333,8.918,47,53,2,5,9,15,22,21,26
100,管理栄養士,119000,30,1.33,14.885,32,68,4,9,11,23,24,15,14
101,ヘマトクリットとは,104000,30,1.322,11.039,27,73,2,10,10,18,24,18,18
102,オーバードーズ 症状,9600,20,3.314,3.175,32,68,9,20,14,19,18,11,9
103,発砲事件,22800,20,2.619,14.262,52,48,2,5,12,22,23,16,20
104,オーストラリア連邦,21700,20,2.552,13.383,47,53,1,3,7,17,23,22,27
105,ナナホシ(クリエイター),21400,20,2.539,14.392,14,86,1,2,17,42,18,11,9
106,lsd,22600,20,2.492,6.63,68,32,7,20,18,20,18,10,7
107,悪性症候群,22200,20,2.488,12.938,35,65,1,23,19,23,19,10,5
108,措置入院とは,21000,20,2.449,4.485,34,66,2,9,11,22,26,18,12
109,川の事故,26300,20,2.377,16.628,32,68,1,4,15,27,23,16,14
110,尾形貴弘,24500,20,2.276,11.947,42,58,2,4,13,26,23,16,16
111,投稿,29500,20,2.273,16.907,46,54,2,3,6,15,24,22,28
112,ロラゼパム0.5mg,29700,20,2.224,18.376,30,70,1,6,11,20,27,20,15
113,精神障害 2級,25800,20,2.199,3.127,43,57,1,7,14,23,29,17,9
114,トラゾドン塩酸塩錠25mg,34900,20,2.173,16.024,30,70,1,7,9,18,27,21,17
115,一問一答,30700,20,2.169,5.368,62,38,8,8,12,21,22,14,15
116,アウトリーチとは,31100,20,2.163,1.668,40,60,1,9,11,20,25,19,15
117,団地,37700,20,2.133,9.712,30,70,3,6,10,16,24,21,20
118,世帯分離 デメリット,29300,20,2.133,8.641,29,71,0,4,9,19,31,25,12
119,ミステリー,32400,20,2.062,12.339,39,61,3,6,11,19,22,20,19
120,ベルソムラ15mg,44300,20,2.014,17.003,35,65,0,4,5,11,18,23,39
121,就労移行支援,33700,20,1.947,1.805,33,67,2,14,15,24,28,11,6
122,アメリカ政治,35500,20,1.939,3.111,68,32,1,3,8,18,21,20,29
123,東京都豊島区,39400,20,1.912,15.581,37,63,1,3,11,24,27,18,16
124,バラエティ番組,38800,20,1.83,16.162,37,63,2,5,11,23,26,18,15
125,県営住宅,40800,20,1.823,13.74,26,74,1,5,11,21,26,20,16
126,ロフラゼプ酸エチル錠1mg,41300,20,1.789,3.407,30,70,1,7,12,22,26,18,14
127,デエビゴ錠,45300,20,1.774,14.022,34,66,1,5,8,16,24,22,24
128,脳神経内科 脳神経外科 違い,43800,20,1.756,6.638,29,71,1,5,9,20,28,19,18
129,太極拳,65100,20,1.68,6.16,28,72,2,4,5,10,17,21,41
130,関東甲信地方の防災気象情報,50500,20,1.66,10.461,42,58,1,5,12,22,24,19,17
131,河野景子,54800,20,1.571,1.115,38,62,1,2,6,14,27,25,25
132,瞳孔が開く,52600,20,1.549,14.634,36,64,5,9,14,21,24,15,12
133,デーブロバーツ(外野手),62000,20,1.535,12.385,66,34,1,2,7,12,18,23,37
134,スキージャンプ,60000,20,1.531,17.555,49,51,1,3,8,17,23,24,24
135,民泊,52500,20,1.505,16.53,46,54,2,5,13,27,25,15,13
136,サンディエゴパドレス,57500,20,1.487,16.996,72,28,2,5,10,15,18,20,30
137,関東連合,59800,20,1.48,8.766,69,31,2,6,12,27,29,15,9
138,ロコンド靴 レディース,64200,20,1.476,8.926,8,92,0,2,4,14,32,30,18
139,テレグラム,67100,20,1.435,4.428,75,25,5,13,21,23,18,10,10
140,cvポート,65200,20,1.43,7.025,26,74,1,13,13,22,25,16,10
141,星の王子さま,62300,20,1.42,6.12,31,69,7,12,14,20,21,14,12
142,生理が終わらない,58500,20,1.389,12.688,7,93,2,4,6,49,35,2,2
143,脳梗塞 後遺症,71200,20,1.386,2.08,33,67,1,4,8,17,27,22,21
144,雑談たぬき,61400,20,1.374,9.252,27,73,8,15,20,25,21,7,4
145,コンサータ,79600,20,1.361,9.288,33,67,3,14,19,27,22,10,5
146,宜保愛子,63700,20,1.321,18.282,43,57,3,9,16,21,26,16,9
1,国会,328000,110,1.447,21.677,63,37,2,4,10,19,22,19,24
2,市区町村長,150000,100,2.148,25.962,57,43,1,3,8,17,23,22,26
3,あんぱん(2025年度前期 朝ドラ),205000,90,1.751,23.745,22,78,1,1,4,11,22,31,30
4,広陵高等学校(広島県),119000,70,1.934,56.016,51,49,1,3,10,22,27,20,17
5,参議院議員通常選挙,228000,70,1.402,19.978,63,37,2,4,10,19,22,20,23
6,夏休み,72100,60,2.381,30.749,32,68,3,5,17,30,19,13,13
7,不倫報道,137000,60,1.689,38.477,37,63,1,3,11,24,27,18,16
8,野生動物による被害,74700,50,2.186,31.289,37,63,0,3,10,21,26,20,20
9,危険生物有毒生物,84300,50,2.004,23.495,39,61,1,3,11,22,26,19,18
10,兵庫県の事件事故情報,105000,50,1.795,46.683,35,65,1,4,13,23,25,17,17
11,歌舞伎,148000,50,1.584,39.534,27,73,2,5,8,18,21,20,26
12,瓜田純士,141000,50,1.413,25.464,65,35,2,7,17,29,26,12,7
13,ヒグマ,161000,50,1.395,41.883,47,53,2,7,18,27,23,13,10
14,yoshiki,145000,50,1.38,21.509,40,60,3,6,13,26,25,15,12
15,しゅり結婚相手,172000,50,1.349,43.473,19,81,1,4,7,16,27,28,17
16,風邪,166000,50,1.34,20.375,40,60,3,7,13,20,21,17,19
17,snsで話題の動物,34400,40,2.657,33.101,22,78,0,1,3,14,25,23,34
18,おひとりさま,47400,40,2.374,29.966,25,75,0,2,6,14,28,28,22
19,強盗事件,49400,40,2.224,26.974,43,57,2,5,12,23,24,18,16
20,猛暑(35度以上),86000,40,1.807,31.686,37,63,1,3,10,21,25,20,20
21,年金問題,94200,40,1.702,30.214,32,68,0,1,2,7,20,40,30
22,有酸素運動,102000,40,1.645,25.94,37,63,4,9,12,21,23,16,15
23,インフルエンサー,105000,40,1.616,33.004,49,51,2,7,15,22,19,12,23
24,ジストニアとは,116000,40,1.406,40.773,30,70,2,8,10,19,24,20,17
25,電気料金,132000,40,1.312,27.28,54,46,1,2,6,14,24,26,27
26,堀井憲一郎,23700,30,2.872,29.276,32,68,0,1,5,15,27,29,23
27,生殖医療,30800,30,2.679,29.031,22,78,1,3,15,25,21,17,18
28,国際連合(un),26200,30,2.594,19.03,42,58,1,4,10,20,23,20,22
29,ひきこもり,30300,30,2.593,20.983,43,57,2,5,9,22,29,18,15
30,ドイツ連邦共和国,37300,30,2.482,41.296,53,47,2,3,6,15,21,23,30
31,戦争の記憶,35000,30,2.295,39.647,33,67,2,3,11,23,23,18,20
32,芸能人の離婚,35100,30,2.292,55.288,26,74,1,2,12,26,24,16,19
33,執行猶予,39200,30,2.24,45.57,49,51,2,8,15,20,21,16,18
34,東京都文京区,50200,30,2.194,45.003,32,68,1,2,7,18,24,21,27
35,かまいたち(お笑い芸人),39600,30,2.15,24.863,44,56,1,2,8,22,26,19,22
36,美容整形,40200,30,2.098,46.125,31,69,2,4,9,21,27,20,17
37,ヒカル(youtuber),54900,30,1.974,35.426,41,59,2,6,23,35,22,7,5
38,千葉県の事件事故情報,49800,30,1.971,44.006,36,64,2,5,14,26,24,15,14
39,プロポーズ,56700,30,1.925,26.597,41,59,6,18,19,17,17,11,12
40,フラッシュバック,52100,30,1.842,55.987,36,64,7,12,14,21,21,13,12
41,好きな人がいること,56700,30,1.828,30.634,23,77,27,25,13,17,12,4,2
42,恐喝脅迫強要,54000,30,1.821,70.608,45,55,1,3,11,24,26,18,17
43,空咳が出る原因,53400,30,1.798,35.634,26,74,2,9,15,23,23,15,13
44,akbグループ卒業生,65500,30,1.782,20.099,41,59,1,4,17,27,26,15,10
45,デパス 効果,70400,30,1.78,20.707,29,71,1,5,9,18,26,21,20
46,静岡県の事件事故情報,62600,30,1.739,19.031,41,59,1,4,13,25,25,17,15
47,東京都港区,79000,30,1.677,33.879,41,59,0,3,9,21,26,20,21
48,倒産,73500,30,1.616,60.53,57,43,1,3,10,22,29,18,17
49,脳神経外科,88500,30,1.562,34.682,34,66,2,5,14,22,24,16,17
50,西村博之,93000,30,1.548,31.227,56,44,2,3,9,20,25,21,20
51,ハニートラップとは,81800,30,1.49,44.497,40,60,5,6,5,8,17,24,35
52,金正恩,98000,30,1.481,20.866,56,44,7,9,12,20,19,15,18
53,タイマー,88400,30,1.455,49.727,47,53,12,7,10,19,18,14,20
54,キリスト教,101000,30,1.448,38.744,46,54,6,5,8,16,19,20,26
55,リベルサス 効果,79800,30,1.437,21.87,26,74,1,8,15,24,27,16,9
56,古原靖久,84900,30,1.416,101.307,15,85,1,2,7,20,26,22,22
57,化粧品,98700,30,1.367,74.162,28,72,2,4,6,13,25,26,24
58,脊椎管狭窄症,98700,30,1.309,33.951,38,62,0,2,3,9,18,26,42
59,せのお愛(クリエイター),12100,20,3.28,33.732,16,84,1,1,7,13,23,24,31
60,イタリア共和国,18100,20,2.81,63.584,35,65,1,2,5,16,22,24,30
61,秋田県の事件事故情報,17300,20,2.748,23.729,34,66,1,4,12,22,22,18,21
62,コントミン,20100,20,2.729,24.061,34,66,1,14,18,25,23,12,7
63,フィリピン共和国,21200,20,2.711,39.879,50,50,1,3,10,21,24,19,22
64,オレキシン受容体拮抗剤,20200,20,2.685,137.853,36,64,0,5,7,12,17,26,33
65,大麻の匂い,16200,20,2.645,58.655,42,58,2,7,14,27,30,13,7
66,和解,21300,20,2.552,44.9,42,58,2,5,13,21,22,17,20
67,うつ病 治らない,22600,20,2.545,69.769,37,63,2,9,14,22,28,16,9
68,イクメン,20300,20,2.522,19.862,28,72,2,4,14,22,21,18,19
69,がん研究,26500,20,2.475,37.318,24,76,0,2,6,18,26,22,26
70,未解決事件,26500,20,2.291,77.207,50,50,6,11,17,24,22,12,8
71,空き家,33100,20,2.272,38.562,46,54,1,5,10,19,25,20,20
72,日本航空(jal),30900,20,2.268,33.795,40,60,1,4,10,19,26,21,19
73,害獣害鳥,31300,20,2.251,37.896,40,60,1,3,10,20,25,20,21
74,自衛官,35200,20,2.083,49.214,52,48,3,9,13,23,25,14,13
75,拘留とは,38000,20,2.05,28.464,38,62,2,8,12,23,24,16,15
76,行司,37600,20,2.048,27.563,48,52,1,4,9,17,18,22,29
77,心理学,34300,20,2.038,38.3,34,66,16,11,12,21,21,10,9
78,徳川家光,34600,20,2.036,94.748,49,51,5,5,8,18,19,19,26
79,快挙偉業,42700,20,1.988,27.223,71,29,1,5,11,19,21,19,24
80,ジスキネジアとは,38300,20,1.969,32.433,26,74,1,15,13,21,24,16,10
81,改名,34200,20,1.934,28.206,40,60,1,4,12,25,28,16,14
82,精神疾患 種類 一覧,42200,20,1.915,21.386,30,70,10,10,10,18,24,17,11
83,エスシタロプラム,42000,20,1.75,124.956,33,67,2,18,23,22,19,10,6
84,五月病,55600,20,1.737,43.848,37,63,15,21,16,22,15,4,7
85,救急救命士,52900,20,1.65,39.657,43,57,10,13,13,23,21,11,9
86,障害年金 2級 金額 2025,46500,20,1.647,70.535,34,66,0,5,9,19,33,21,13
87,動脈瘤,62500,20,1.643,40.488,37,63,1,4,8,16,23,20,28
88,やまゆり園事件,61000,20,1.637,67.236,31,69,4,12,21,25,21,11,6
89,株主総会,51500,20,1.637,41.971,59,41,2,5,10,20,24,20,19
90,日本一,60900,20,1.627,84.826,60,40,2,5,12,21,23,18,19
91,2014 平成 何年,56900,20,1.621,70.583,9,91,1,4,19,30,22,15,9
92,奈良市,65800,20,1.614,30.147,52,48,1,3,7,14,19,21,35
93,母子手当 支給額,45500,20,1.599,50.354,24,76,1,7,27,37,16,7,5
94,社会福祉士 合格率,48100,20,1.591,32.187,32,68,3,10,13,24,29,14,7
95,燃え尽き症候群,53000,20,1.589,43.215,32,68,14,20,18,21,16,7,4
96,見栄晴,48700,20,1.588,71.601,53,47,1,4,9,17,30,22,17
97,家庭裁判所,57500,20,1.584,132.994,38,62,2,5,11,19,23,21,19
98,試金石とは,56500,20,1.565,139.198,48,52,2,5,7,13,20,25,28
99,マズローの5段階欲求,59500,20,1.51,30.199,45,55,6,18,15,23,21,11,6
100,刹那 意味,64600,20,1.509,42.183,42,58,10,7,7,16,22,20,18
101,コルセット,56600,20,1.493,26.382,45,55,7,11,15,20,21,13,13
102,水泳,60000,20,1.476,31.615,42,58,5,4,10,21,19,17,24
103,マッサージ器,68800,20,1.451,35.676,42,58,1,3,8,21,28,20,19
104,ロキソニン 飲み過ぎ,65900,20,1.447,80.508,36,64,2,8,11,19,24,19,17
105,ページ,77200,20,1.433,25.325,40,60,3,3,5,14,24,24,27
106,diy,66000,20,1.429,67.26,48,52,1,4,10,19,25,20,21
107,給付金 3万円,58500,20,1.429,22.954,39,61,0,5,16,23,23,16,17
108,登録,76500,20,1.426,24.364,39,61,4,4,7,15,23,21,26
109,パニック障害 症状,59700,20,1.422,23.622,26,74,6,14,15,23,22,12,8
110,嫌われる勇気,65700,20,1.412,20.404,40,60,8,14,17,25,20,10,6
111,名古屋市立大学,77900,20,1.389,35.754,40,60,20,8,5,23,28,7,9
112,ウォーキング 30分 効果,58200,20,1.387,19.901,33,67,2,10,18,28,24,11,7
113,白斑,60400,20,1.383,39.576,26,74,3,10,21,26,20,11,9
114,廃用症候群とは,71400,20,1.382,32.057,27,73,3,12,10,16,25,21,13
115,腎臓癌 初期症状,73800,20,1.38,71.072,33,67,1,3,7,16,25,22,26
116,バイセクシャル 意味,78600,20,1.371,61.637,34,66,9,12,8,14,19,20,18
117,らっきょうの効能,65300,20,1.364,48.15,35,65,0,3,9,20,25,21,22
118,亡くなった人,67300,20,1.363,71.851,38,62,2,2,4,12,28,30,22
119,gps アプリ,69600,20,1.35,40.164,35,65,1,5,15,27,22,13,17
120,物価高,61000,20,1.35,31.402,46,54,3,6,15,27,23,13,13
121,畠山鈴香,58400,20,1.349,77.287,36,64,1,5,20,31,25,11,7
122,大雨,79700,20,1.339,66.527,44,56,3,8,17,27,22,13,10
123,モナリザ,73600,20,1.339,74.94,41,59,7,10,13,24,18,13,15
124,ウルソデオキシコール酸100,74200,20,1.338,32.662,36,64,1,9,9,17,24,21,19
125,スコットランド,71300,20,1.327,24.929,47,53,4,7,9,16,20,19,25
126,羅生門,72200,20,1.313,19.052,43,57,15,12,11,19,17,12,14
127,吉田沙保里結婚,68800,20,1.302,58.035,30,70,2,4,7,18,29,25,15
